{"name":"f21e2606-05a1-4eb5-9ac0-f12fd3a9835a","id":"/providers/Microsoft.Flow/flows/f21e2606-05a1-4eb5-9ac0-f12fd3a9835a","type":"Microsoft.Flow/flows","properties":{"apiId":"/providers/Microsoft.PowerApps/apis/shared_logicflows","displayName":"Get Approved Senders","definition":{"metadata":{"workflowEntityId":null,"processAdvisorMetadata":null,"flowChargedByPaygo":null,"flowclientsuspensionreason":"None","flowclientsuspensiontime":null,"flowclientsuspensionreasondetails":null,"creator":{"id":"0df96838-3441-4283-bf49-2bbabcadfced","type":"User","tenantId":"3567fec0-c2ba-4cb9-8c9f-0d832a6a9e95"},"provisioningMethod":"FromDefinition","failureAlertSubscription":true,"clientLastModifiedTime":"2025-07-06T23:04:09.7698761Z","connectionKeySavedTimeKey":"2025-07-06T23:04:09.7698761Z","creationSource":null},"$schema":"https://schema.management.azure.com/providers/Microsoft.Logic/schemas/2016-06-01/workflowdefinition.json#","contentVersion":"1.0.0.0","parameters":{"$connections":{"defaultValue":{},"type":"Object"},"$authentication":{"defaultValue":{},"type":"SecureObject"}},"triggers":{"manual":{"metadata":{"operationMetadataId":"cbf1055e-d84a-44b0-b295-f0ca84551bd9"},"type":"Request","kind":"Button","inputs":{"schema":{"type":"object","properties":{"text":{"title":"groupID","type":"string","x-ms-dynamically-added":true,"description":"Please enter your input","x-ms-content-hint":"TEXT"}},"required":["text"]}}}},"actions":{"Send_an_HTTP_request_V2_-_Group_Details":{"runAfter":{"Initialize_variable_-_vApprovedSendersTEMP":["Succeeded"]},"metadata":{"operationMetadataId":"43531a0c-0c71-4f79-857b-92afcb314d24"},"type":"OpenApiConnection","inputs":{"host":{"apiId":"/providers/Microsoft.PowerApps/apis/shared_office365groups","connectionName":"shared_office365groups_1","operationId":"HttpRequestV2"},"parameters":{"Uri":"https://graph.microsoft.com/v1.0/groups/@{triggerBody()['text']}","Method":"GET","ContentType":"application/json"},"authentication":{"value":"@json(decodeBase64(triggerOutputs().headers['X-MS-APIM-Tokens']))['$ConnectionKey']","type":"Raw"}}},"GroupType":{"runAfter":{"Send_an_HTTP_request_V2_-_Group_Details":["Succeeded"]},"metadata":{"operationMetadataId":"9fc369b2-9969-454e-908d-dfd6d5dcaa24"},"type":"Compose","inputs":"@if(contains(body('Send_an_HTTP_request_V2_-_Group_Details')?['groupTypes'],'Unified'),'M365',\r\n\tif(body('Send_an_HTTP_request_V2_-_Group_Details')?['mailEnabled'],\r\n\t\tif(body('Send_an_HTTP_request_V2_-_Group_Details')?['securityEnabled'],'Mail-enabled security','Distribution'),\r\n\t\t\t'Security'))"},"Get_Approved_Senders":{"actions":{"Is_vGroupType_eq_M365_-_Approved_Senders":{"actions":{"Send_an_HTTP_request_V2-ApprovedSenders":{"runAfter":{},"metadata":{"operationMetadataId":"8c979e27-2733-44cb-a8d2-d34fcae91a98"},"type":"OpenApiConnection","inputs":{"host":{"apiId":"/providers/Microsoft.PowerApps/apis/shared_office365groups","connectionName":"shared_office365groups","operationId":"HttpRequestV2"},"parameters":{"Uri":"https://graph.microsoft.com/v1.0/groups/@{triggerBody()['text']}/acceptedSenders","Method":"GET","ContentType":"application/json"},"authentication":{"value":"@json(decodeBase64(triggerOutputs().headers['X-MS-APIM-Tokens']))['$ConnectionKey']","type":"Raw"}}},"Set_variable_-_vApprovedSenderUPNs_-_M365_Group":{"runAfter":{"Send_an_HTTP_request_V2-ApprovedSenders":["Succeeded"]},"metadata":{"operationMetadataId":"cfbeec99-7dfb-4b87-8079-495c6216a44b"},"type":"SetVariable","inputs":{"name":"vApprovedSenderUPNs","value":"@body('Send_an_HTTP_request_V2-ApprovedSenders')?['value']"},"description":"The return value is the mail nickname in Azure"}},"runAfter":{},"else":{"actions":{"Is_there_a_mailbox_-_Approved_Sender":{"actions":{"Approved_Senders_-_NON_M365":{"actions":{"Get_Approved_Senders_-_NON-M365Group":{"runAfter":{},"metadata":{"operationMetadataId":"cd39a7f2-7db4-49ba-81b0-ad015374c0a1"},"type":"OpenApiConnection","inputs":{"host":{"apiId":"/providers/Microsoft.PowerApps/apis/shared_webcontents","connectionName":"shared_webcontents_2","operationId":"InvokeHttp"},"parameters":{"request/method":"GET","request/url":"https://admin.microsoft.com/admin/api/groups/@{triggerBody()['text']}/settings"},"authentication":{"value":"@json(decodeBase64(triggerOutputs().headers['X-MS-APIM-Tokens']))['$ConnectionKey']","type":"Raw"}},"description":"Needs the service account to make it work"},"Set_variable_-_vApprovedSenderUPNs_-_NOT_M365_Group":{"runAfter":{"Get_Approved_Senders_-_NON-M365Group":["Succeeded"]},"metadata":{"operationMetadataId":"cfbeec99-7dfb-4b87-8079-495c6216a44b"},"type":"SetVariable","inputs":{"name":"vApprovedSenderUPNs","value":"@outputs('Get_Approved_Senders_-_NON-M365Group')?['body']?['AcceptMessagesOnlyFromSendersOrMembersList']"},"description":"The return value is the mail nickname in Azure"}},"runAfter":{},"metadata":{"operationMetadataId":"8d855eeb-3a2f-4fea-88bc-1c372584143c"},"type":"Scope"}},"runAfter":{},"expression":{"equals":["@body('Send_an_HTTP_request_V2_-_Group_Details')?['mailEnabled']","@true"]},"metadata":{"operationMetadataId":"43b0428f-7803-42a2-8ef1-5acd27f53e3b"},"type":"If","description":"No mailbox groups cant receive mail"}}},"expression":{"equals":["@outputs('GroupType')","M365"]},"metadata":{"operationMetadataId":"1115f90a-4f2c-43c6-89c1-b7bdd8cd0d50"},"type":"If"},"Returned_approved_senders_array":{"actions":{"Is_Group_Type_eq_M365_Group":{"actions":{"Placeholder":{"actions":{},"runAfter":{},"expression":{"equals":["",""]},"metadata":{"operationMetadataId":"000694f7-820a-4174-aab2-8ed1b6972ebd"},"type":"If"},"ApprovedSenders-Groups":{"runAfter":{"Placeholder":["Succeeded"]},"metadata":{"operationMetadataId":"618b27df-5e98-41d2-9c03-7798c85ffd46"},"type":"Query","inputs":{"from":"@variables('vApprovedSenderUPNs')","where":"@equals(item()?['@odata.type'], '#microsoft.graph.group')"}},"ForEachApproved-Group":{"foreach":"@body('ApprovedSenders-Groups')","actions":{"Set_variable_-_vURINextPage":{"runAfter":{},"metadata":{"operationMetadataId":"20eb9ec2-26e3-4eec-86d0-70ab60c5d723"},"type":"SetVariable","inputs":{"name":"vURINextPage","value":"https://graph.microsoft.com/v1.0/groups/@{items('ForEachApproved-Group')?['id']}/transitiveMembers/microsoft.graph.user?$count=true&$select=id, displayName, accountEnabled, jobTitle,mail,department,employeeId&$top=999"}},"Do_until_All_members_are_fetched":{"actions":{"List-Members":{"runAfter":{},"metadata":{"operationMetadataId":"0f7c723e-f552-4c86-99bb-361af3023805"},"type":"OpenApiConnection","inputs":{"host":{"apiId":"/providers/Microsoft.PowerApps/apis/shared_office365groups","connectionName":"shared_office365groups","operationId":"HttpRequestV2"},"parameters":{"Uri":"@variables('vURINextPage')","Method":"GET","ContentType":"application/json","CustomHeader1":"ConsistencyLevel: eventual"},"authentication":{"value":"@json(decodeBase64(triggerOutputs().headers['X-MS-APIM-Tokens']))['$ConnectionKey']","type":"Raw"}}},"Set_variable_-_vURINextPageto_nextLink":{"runAfter":{"Append_to_array_variable_-_vGroupMembers":["Succeeded"]},"metadata":{"operationMetadataId":"b7bfb16c-612b-4daa-a748-5b6e23d85eeb"},"type":"SetVariable","inputs":{"name":"vURINextPage","value":"@{body('List-Members')?['@odata.nextLink']}"}},"Clean-Members-Partial":{"runAfter":{"List-Members":["Succeeded"]},"metadata":{"operationMetadataId":"7f201160-5c00-48da-854a-080df41fe700"},"type":"Select","inputs":{"from":"@body('List-Members')?['value']","select":{"displayName":"@item()?['displayName']","accountEnabled":"@item()?['accountEnabled']","mail":"@coalesce(item()?['mail'],'' )","grantType":"@items('ForEachApproved-Group')?['displayName']","id":"@item()?['id']","jobTitle":"@coalesce(item()?['jobTitle'], '')","department":"@item()?['department']","employeeId":"@item()?['employeeId']"}}},"Append_to_array_variable_-_vGroupMembers":{"runAfter":{"Clean-Members-Partial":["Succeeded"]},"metadata":{"operationMetadataId":"a8d28e68-0a65-41b4-8ae7-52b7170643a4"},"type":"AppendToArrayVariable","inputs":{"name":"vGroupMembers","value":"@string(body('Clean-Members-Partial'))"}}},"runAfter":{"Set_variable_-_vURINextPage":["Succeeded"]},"expression":"@equals(empty(variables('vURINextPage')), true)","limit":{"count":60,"timeout":"PT1H"},"metadata":{"operationMetadataId":"965833c6-57d6-491b-a97d-4f2b8d7cef9b"},"type":"Until"}},"runAfter":{"ApprovedSenders-Groups":["Succeeded"]},"metadata":{"operationMetadataId":"60cf005b-271c-404e-b101-b5ea2e4bb709"},"type":"Foreach"},"ApprovedSenders-Users":{"runAfter":{"Placeholder":["Succeeded"]},"metadata":{"operationMetadataId":"69029214-f49e-46e5-8c96-d6c3cd5e7180"},"type":"Query","inputs":{"from":"@variables('vApprovedSenderUPNs')","where":"@equals(item()?['@odata.type'], '#microsoft.graph.user')"}},"ForEachApproved-User":{"foreach":"@body('ApprovedSenders-Users')","actions":{"Append_to_array_variable_-_vApprovedSendersTEMP_-_M365":{"runAfter":{"Get-UserInfo":["Succeeded"]},"metadata":{"operationMetadataId":"0dd14725-91ac-4ad2-9015-f698b2bc91de"},"type":"AppendToArrayVariable","inputs":{"name":"vApprovedSendersTEMP","value":{"displayName":"@{items('ForEachApproved-User')?['displayName']}","accountEnabled":"@body('Get-UserInfo')?['accountEnabled']","mail":"@{body('Get-UserInfo')?['mail']}","grantType":"Direct","id":"@{first(split(items('ForEachApproved-User')?['id'],'@'))}","jobTitle":"@{coalesce(body('Get-UserInfo')?['jobTitle'],'')}","department":"@{body('Get-UserInfo')?['department']}","employeeId":"@{body('Get-UserInfo')?['employeeId']}"}}},"Get-UserInfo":{"runAfter":{},"metadata":{"operationMetadataId":"a4a06ca7-9908-4cf6-9b9c-e74966201887"},"type":"OpenApiConnection","inputs":{"host":{"apiId":"/providers/Microsoft.PowerApps/apis/shared_office365users","connectionName":"shared_office365users","operationId":"HttpRequest"},"parameters":{"Uri":"https://graph.microsoft.com/v1.0/users/@{first(split(items('ForEachApproved-User')?['id'], '@'))}?$expand=manager($select=displayName,mail)&$select=id, displayName, accountEnabled, jobTitle,mail,department,employeeId","Method":"GET","ContentType":"application/json"},"authentication":{"value":"@json(decodeBase64(triggerOutputs().headers['X-MS-APIM-Tokens']))['$ConnectionKey']","type":"Raw"}}}},"runAfter":{"ApprovedSenders-Users":["Succeeded"]},"metadata":{"operationMetadataId":"26aa9b4a-5e36-45a9-a731-49b8070e9f6e"},"type":"Foreach","runtimeConfiguration":{"concurrency":{"repetitions":48}}},"JsonifyArrayItems-GroupMembers":{"runAfter":{"ForEachApproved-Group":["Succeeded"]},"metadata":{"operationMetadataId":"cbfde68c-2b36-41ea-9873-435b9231d91d"},"type":"Select","inputs":{"from":"@variables('vGroupMembers')","select":"@json(item())"}},"Clean-Members":{"runAfter":{"JsonifyArrayItems-GroupMembers":["Succeeded"]},"metadata":{"operationMetadataId":"7f201160-5c00-48da-854a-080df41fe700"},"type":"Compose","inputs":"@json(\r\n    concat(\r\n        '[',\r\n        replace(\r\n            replace(\r\n                string(body('JsonifyArrayItems-GroupMembers')),\r\n                '[',\r\n                ''\r\n            ),\r\n            ']',\r\n            ''\r\n        ),\r\n        ']'\r\n    )\r\n)"},"ApprovedSenders-M365":{"runAfter":{"Clean-Members":["Succeeded"],"ForEachApproved-User":["Succeeded"]},"metadata":{"operationMetadataId":"09b75283-9b48-4a31-95eb-ed548717dc8b"},"type":"Compose","inputs":"@union(outputs('Clean-Members'),variables('vApprovedSendersTEMP'))"}},"runAfter":{},"else":{"actions":{"forEachMailNickname":{"foreach":"@variables('vApprovedSenderUPNs')","actions":{"did_the_Mail_Nickname_return_a_user":{"actions":{"Append_to_array_variable_-_vApprovedSendersTEMP_-_NON_M365":{"runAfter":{},"metadata":{"operationMetadataId":"c8eef5af-f364-4cbf-b078-bea2cc98864a"},"type":"AppendToArrayVariable","inputs":{"name":"vApprovedSendersTEMP","value":{"displayName":"@{first(outputs('Send_an_HTTP_request')?['body']?['value'])?['displayName']}","mail":"@{coalesce(first(outputs('Send_an_HTTP_request')?['body']?['value'])?['mail'], '')}","grantType":"Direct","jobTitle":"@{coalesce(first(outputs('Send_an_HTTP_request')?['body']?['value'])?['jobTitle'], '')}","id":"@{first(outputs('Send_an_HTTP_request')?['body']?['value'])?['id']}","accountEnabled":"@{first(outputs('Send_an_HTTP_request')?['body']?['value'])?['accountEnabled']}","department":"@{first(outputs('Send_an_HTTP_request')?['body']?['value'])?['department']}","employeeId":"@{first(outputs('Send_an_HTTP_request')?['body']?['value'])?['employeeId']}"}}}},"runAfter":{"Send_an_HTTP_request":["Succeeded"]},"else":{"actions":{"GetGroup-Filter-Mail":{"runAfter":{},"metadata":{"operationMetadataId":"0f7c723e-f552-4c86-99bb-361af3023805"},"type":"OpenApiConnection","inputs":{"host":{"apiId":"/providers/Microsoft.PowerApps/apis/shared_office365groups","connectionName":"shared_office365groups","operationId":"HttpRequestV2"},"parameters":{"Uri":"https://graph.microsoft.com/v1.0/groups?$filter=mailNickname eq '@{items('forEachMailNickname')}'","Method":"GET","ContentType":"application/json"},"authentication":{"value":"@json(decodeBase64(triggerOutputs().headers['X-MS-APIM-Tokens']))['$ConnectionKey']","type":"Raw"}},"description":"https://graph.microsoft.com/v1.0/groups?$filter=mail eq 'allcompany@designcodev.onmicrosoft.com'"},"Find_Group_successful":{"actions":{"Set_variable_-_vURINextPage_2":{"runAfter":{},"metadata":{"operationMetadataId":"20eb9ec2-26e3-4eec-86d0-70ab60c5d723"},"type":"SetVariable","inputs":{"name":"vURINextPage","value":"https://graph.microsoft.com/v1.0/groups/@{first(outputs('GetGroup-Filter-Mail')?['body']?['value'])?['id']}/transitiveMembers/microsoft.graph.user?$count=true&$select=id, displayName, accountEnabled,jobTitle,mail,department,employeeId&$top=999"}},"Do_until_All_members_are_fetched_NON-M365Group":{"actions":{"List-Members_2":{"runAfter":{},"metadata":{"operationMetadataId":"0f7c723e-f552-4c86-99bb-361af3023805"},"type":"OpenApiConnection","inputs":{"host":{"apiId":"/providers/Microsoft.PowerApps/apis/shared_office365groups","connectionName":"shared_office365groups","operationId":"HttpRequestV2"},"parameters":{"Uri":"@variables('vURINextPage')","Method":"GET","ContentType":"application/json","CustomHeader1":"ConsistencyLevel: eventual"},"authentication":{"value":"@json(decodeBase64(triggerOutputs().headers['X-MS-APIM-Tokens']))['$ConnectionKey']","type":"Raw"}}},"Set_variable_-_vURINextPageto_nextLink_2":{"runAfter":{"Append_to_array_variable_-_vGroupMembers_2":["Succeeded"]},"metadata":{"operationMetadataId":"b7bfb16c-612b-4daa-a748-5b6e23d85eeb"},"type":"SetVariable","inputs":{"name":"vURINextPage","value":"@{body('List-Members_2')?['@odata.nextLink']}"}},"Clean-Members-Partial_2":{"runAfter":{"List-Members_2":["Succeeded"]},"metadata":{"operationMetadataId":"7f201160-5c00-48da-854a-080df41fe700"},"type":"Select","inputs":{"from":"@body('List-Members_2')?['value']","select":{"displayName":"@item()?['displayName']","mail":"@coalesce(item()?['mail'], '')","grantType":"@first(outputs('GetGroup-Filter-Mail')?['body']?['value'])?['displayName']","jobTitle":"@coalesce(item()?['jobTitle'], '')","id":"@item()?['id']","accountEnabled":"@item()?['accountEnabled']","department":"@item()?['department']","employeeId":"@item()?['employeeId']"}}},"Append_to_array_variable_-_vGroupMembers_2":{"runAfter":{"Clean-Members-Partial_2":["Succeeded"]},"metadata":{"operationMetadataId":"a8d28e68-0a65-41b4-8ae7-52b7170643a4"},"type":"AppendToArrayVariable","inputs":{"name":"vGroupMembers","value":"@string(body('Clean-Members-Partial_2'))"}}},"runAfter":{"Set_variable_-_vURINextPage_2":["Succeeded"]},"expression":"@equals(empty(variables('vURINextPage')), true)","limit":{"count":50,"timeout":"PT1H"},"metadata":{"operationMetadataId":"965833c6-57d6-491b-a97d-4f2b8d7cef9b"},"type":"Until"}},"runAfter":{"GetGroup-Filter-Mail":["Succeeded"]},"expression":{"greaterOrEquals":["@length(outputs('GetGroup-Filter-Mail')?['body']?['value'])",1]},"metadata":{"operationMetadataId":"88d0769e-48e4-4f7b-84fd-8a38bf4a8136"},"type":"If"}}},"expression":{"greaterOrEquals":["@length(outputs('Send_an_HTTP_request')?['body']?['value'])",1]},"metadata":{"operationMetadataId":"681dce2b-9fba-4119-94ba-21909cfd08d6"},"type":"If"},"Send_an_HTTP_request":{"runAfter":{},"metadata":{"operationMetadataId":"fdc46df2-6255-4e96-9476-160d7c4b083b"},"type":"OpenApiConnection","inputs":{"host":{"apiId":"/providers/Microsoft.PowerApps/apis/shared_office365users","connectionName":"shared_office365users","operationId":"HttpRequest"},"parameters":{"Uri":"https://graph.microsoft.com/v1.0/users?$filter=mailNickname eq '@{items('forEachMailNickname')}'&$select=id, displayName, accountEnabled, mail, department, employeeId, jobtitle","Method":"GET","ContentType":"application/json"},"authentication":{"value":"@json(decodeBase64(triggerOutputs().headers['X-MS-APIM-Tokens']))['$ConnectionKey']","type":"Raw"}}}},"runAfter":{},"metadata":{"operationMetadataId":"013e5e8a-cd0c-4db8-96c1-245cfc6e3701"},"type":"Foreach"},"ApprovedSenders-NONM365":{"runAfter":{"Clean-Members_2":["Succeeded"]},"metadata":{"operationMetadataId":"2707ab8d-8f6f-4db8-9c61-f6937ee1aaed"},"type":"Compose","inputs":"@union(outputs('Clean-Members_2'),variables('vApprovedSendersTEMP'))"},"Clean-Members_2":{"runAfter":{"JsonifyArrayItems-GroupMembers_2":["Succeeded"]},"metadata":{"operationMetadataId":"7f201160-5c00-48da-854a-080df41fe700"},"type":"Compose","inputs":"@json(\r\n    concat(\r\n        '[',\r\n        replace(\r\n            replace(\r\n                string(body('JsonifyArrayItems-GroupMembers_2')),\r\n                '[',\r\n                ''\r\n            ),\r\n            ']',\r\n            ''\r\n        ),\r\n        ']'\r\n    )\r\n)"},"JsonifyArrayItems-GroupMembers_2":{"runAfter":{"forEachMailNickname":["Succeeded"]},"metadata":{"operationMetadataId":"cbfde68c-2b36-41ea-9873-435b9231d91d"},"type":"Select","inputs":{"from":"@variables('vGroupMembers')","select":"@json(item())"}}}},"expression":{"equals":["@outputs('GroupType')","M365"]},"metadata":{"operationMetadataId":"8708d225-408e-4dac-9916-6e4534df0bb4"},"type":"If"}},"runAfter":{"Is_vGroupType_eq_M365_-_Approved_Senders":["Succeeded"]},"expression":{"not":{"equals":["@empty(variables('vApprovedSenderUPNs'))","@true"]}},"metadata":{"operationMetadataId":"689c7684-cd72-4c7c-86c5-09a1a2043126"},"type":"If"},"Filter-ActiveApprovedSenders":{"runAfter":{"Returned_approved_senders_array":["Succeeded"]},"metadata":{"operationMetadataId":"ac6317fe-2e24-4d31-9547-5c0dc7f49e19"},"type":"Query","inputs":{"from":"@if(equals(outputs('GroupType'),'M365'),outputs('ApprovedSenders-M365'),outputs('ApprovedSenders-NONM365'))","where":"@equals(item()?['accountEnabled'], true)"}}},"runAfter":{"GroupType":["Succeeded"]},"metadata":{"operationMetadataId":"f0f74951-be49-490a-a5eb-250c2ec7851b"},"type":"Scope"},"Initialize_variable_-_vApprovedSenderUPNs":{"runAfter":{},"metadata":{"operationMetadataId":"cdb05ca9-eea9-4501-bfe9-50b70c201a0b"},"type":"InitializeVariable","inputs":{"variables":[{"name":"vApprovedSenderUPNs","type":"array"}]},"description":"Output of the get approved senders API call"},"Initialize_variable_-_vURINextPage":{"runAfter":{"Initialize_variable_-_vApprovedSenderUPNs":["Succeeded"]},"metadata":{"operationMetadataId":"bbad9345-c2e4-49e1-83df-af6f1fe8b7ce"},"type":"InitializeVariable","inputs":{"variables":[{"name":"vURINextPage","type":"string","value":"https://graph.microsoft.com/v1.0/groups/@{triggerBody()['text']}/transitiveMembers/microsoft.graph.user?$count=true&$expand=manager($select=displayName,mail)&$select=id, displayName, accountEnabled,jobtitle,department,employeeId&$top=999"}]},"description":"https://graph.microsoft.com/v1.0/groups/@{first(body('GetGroup-Filter-Mail')?['value'])?['id']}/members/microsoft.graph.user?$select=id, displayName, accountEnabled, mail,extension_e3392c2536934c20a2f70290fc1e13df_shJobCode,extension_e3392c2536934c20"},"Initialize_variable_-_vGroupMembers":{"runAfter":{"Initialize_variable_-_vURINextPage":["Succeeded"]},"metadata":{"operationMetadataId":"b49dbe7a-f42c-4983-9fad-863d4fcd2485"},"type":"InitializeVariable","inputs":{"variables":[{"name":"vGroupMembers","type":"array"}]}},"Initialize_variable_-_vApprovedSendersTEMP":{"runAfter":{"Initialize_variable_-_vGroupMembers":["Succeeded"]},"metadata":{"operationMetadataId":"cdb05ca9-eea9-4501-bfe9-50b70c201a0b"},"type":"InitializeVariable","inputs":{"variables":[{"name":"vApprovedSendersTEMP","type":"array"}]}}}},"connectionReferences":{"shared_office365groups_1":{"connectionName":"shared-office365grou-252f6864-24af-4ac7-a5fe-f7bc53e17ec3","source":"Invoker","id":"/providers/Microsoft.PowerApps/apis/shared_office365groups","tier":"NotSpecified","apiName":"office365groups","isProcessSimpleApiReferenceConversionAlreadyDone":false},"shared_office365groups":{"connectionName":"shared-office365grou-118a44bd-f456-4c9d-9658-f5d92daec5c6","source":"Invoker","id":"/providers/Microsoft.PowerApps/apis/shared_office365groups","tier":"NotSpecified","apiName":"office365groups","isProcessSimpleApiReferenceConversionAlreadyDone":false},"shared_webcontents_2":{"connectionName":"shared-webcontents-43af95e0-8708-4e18-9f84-43919143b158","source":"Invoker","id":"/providers/Microsoft.PowerApps/apis/shared_webcontents","tier":"NotSpecified","apiName":"webcontents","isProcessSimpleApiReferenceConversionAlreadyDone":false},"shared_office365users":{"connectionName":"3a0e103793bd45d3a91fd1248d9a7d0e","source":"Invoker","id":"/providers/Microsoft.PowerApps/apis/shared_office365users","tier":"NotSpecified","apiName":"office365users","isProcessSimpleApiReferenceConversionAlreadyDone":false}},"flowFailureAlertSubscribed":false,"isManaged":false}}