<environmentvariabledefinition schemaname="isa_GetDataConnectorsSendErrorEmailTo">
  <description default="When a flow error out, it will send an email to these users.">
    <label description="When a flow error out, it will send an email to these users." languagecode="1033" />
  </description>
  <displayname default="Get Data Connectors -  Send Error Email To">
    <label description="Get Data Connectors -  Send Error Email To" languagecode="1033" />
  </displayname>
  <introducedversion>1.0.0.0</introducedversion>
  <iscustomizable>1</iscustomizable>
  <isrequired>0</isrequired>
  <secretstore>0</secretstore>
  <type>100000000</type>
</environmentvariabledefinition>