<environmentvariabledefinition schemaname="isa_GetDataConnectorsConnectorsList">
  <apiid>/providers/microsoft.powerapps/apis/shared_sharepointonline</apiid>
  <description default="Data Connectors List">
    <label description="Data Connectors List" languagecode="1033" />
  </description>
  <displayname default="Get Data Connectors -  Connectors List">
    <label description="Get Data Connectors -  Connectors List" languagecode="1033" />
  </displayname>
  <introducedversion>1.0.0.0</introducedversion>
  <iscustomizable>1</iscustomizable>
  <isrequired>0</isrequired>
  <parameterkey>table</parameterkey>
  <parentdefinitionid>
    <schemaname>isa_GetDataConnectorsSite</schemaname>
  </parentdefinitionid>
  <secretstore>0</secretstore>
  <type>100000004</type>
</environmentvariabledefinition>