{"name":"fc478179-c568-482c-980a-d2d02b6a1fde","id":"/providers/Microsoft.Flow/flows/fc478179-c568-482c-980a-d2d02b6a1fde","type":"Microsoft.Flow/flows","properties":{"apiId":"/providers/Microsoft.PowerApps/apis/shared_logicflows","displayName":"Create a dictionary lookup","definition":{"metadata":{"workflowEntityId":null,"processAdvisorMetadata":null,"flowChargedByPaygo":null,"flowclientsuspensionreason":"None","flowclientsuspensiontime":null,"flowclientsuspensionreasondetails":null,"creator":{"id":"0df96838-3441-4283-bf49-2bbabcadfced","type":"User","tenantId":"3567fec0-c2ba-4cb9-8c9f-0d832a6a9e95"},"provisioningMethod":"FromDefinition","failureAlertSubscription":true,"clientLastModifiedTime":"2024-09-30T02:53:36.6481349Z","connectionKeySavedTimeKey":"2024-09-30T02:53:36.6481349Z"},"$schema":"https://schema.management.azure.com/providers/Microsoft.Logic/schemas/2016-06-01/workflowdefinition.json#","contentVersion":"undefined","parameters":{"$authentication":{"defaultValue":{},"type":"SecureObject"},"$connections":{"defaultValue":{},"type":"Object"}},"triggers":{"manual":{"metadata":{"operationMetadataId":"c9453a0c-422a-4889-a5ea-9611e89ad54f"},"type":"Request","kind":"Button","inputs":{"schema":{"type":"object","properties":{},"required":[]}}}},"actions":{"Dictionary":{"actions":{"Plants":{"metadata":{"operationMetadataId":"937545e2-6245-454a-babb-17a734ed0125"},"type":"Compose","inputs":[{"Title":"AP-54","BenefitID":1,"Plant":"Monstera","Color":"Green"},{"Title":"BG-90","BenefitID":2,"Plant":"Aspen","Color":"Yellow"},{"Title":"CH-77","BenefitID":3,"Plant":"Boxwood","Color":"Green"},{"Title":"DA-01","BenefitID":4,"Plant":"Camellia","Color":"Green"},{"Title":"ED-63","BenefitID":5,"Plant":"Elm","Color":"Green"},{"Title":"FA-12","BenefitID":6,"Plant":"Daisy","Color":"White"},{"Title":"AP-98","BenefitID":7,"Plant":"Juniper","Color":"Blue-Green"},{"Title":"AE-41","BenefitID":8,"Plant":"Chestnut","Color":"Yellow"}]},"Benefits":{"runAfter":{"Plants":["Succeeded"]},"metadata":{"operationMetadataId":"105e415a-6ed6-462e-bc72-b4cefffab7ed"},"type":"Compose","inputs":[{"Label":"Air Quality","ID":1},{"Label":"Food","ID":2},{"Label":"Medicine","ID":3},{"Label":"Shelter","ID":4},{"Label":"Products","ID":5},{"Label":"Fuel","ID":6},{"Label":"Economic","ID":7},{"Label":"Mood","ID":8}]},"Benefits-ID-Mapping":{"runAfter":{"Benefits":["Succeeded"]},"metadata":{"operationMetadataId":"7e308d05-0245-4bf1-96ee-e7a3bd6aa4b7"},"type":"Select","inputs":{"from":"@outputs('Benefits')","select":{"@{item()?['ID']}":"@item()"}}},"Benefits-ID-Dictionary":{"runAfter":{"Benefits-ID-Mapping":["Succeeded"]},"metadata":{"operationMetadataId":"2dddc434-7114-4963-a6db-9b66d7636c88"},"type":"Compose","inputs":"@first(json(replace(string(body('Benefits-ID-Mapping')), '}},{\"', '},\"')))"},"Plants-Added-BenefitLabel":{"runAfter":{"Benefits-ID-Dictionary":["Succeeded"]},"metadata":{"operationMetadataId":"95320b17-83da-4878-94da-4334d23d8a82"},"type":"Select","inputs":{"from":"@outputs('Plants')","select":"@addProperty(item(),'BenefitLabel',outputs('Benefits-ID-Dictionary')?[string(item()?['BenefitID'])]?['Label'])"}}},"runAfter":{},"metadata":{"operationMetadataId":"e71d550c-0146-4f20-adad-3cd26ba29c42"},"type":"Scope"}}},"connectionReferences":{},"flowFailureAlertSubscribed":false,"isManaged":false}}