{
  "properties": {
    "connectionReferences": {
      "shared_powerappsforappmakers_1": {
        "runtimeSource": "invoker",
        "connection": {
          "connectionReferenceLogicalName": "isa_GetDataConnectorsPowerAppsforMakers"
        },
        "api": {
          "name": "shared_powerappsforappmakers"
        }
      },
      "shared_powerappsforadmins_1": {
        "runtimeSource": "invoker",
        "connection": {
          "connectionReferenceLogicalName": "isa_GetDataConnectorsPowerAppsforAdmins"
        },
        "api": {
          "name": "shared_powerappsforadmins"
        }
      },
      "shared_office365users": {
        "runtimeSource": "invoker",
        "connection": {
          "connectionReferenceLogicalName": "isa_GetDataConnectorsOffice365Users"
        },
        "api": {
          "name": "shared_office365users"
        }
      },
      "shared_sharepointonline_2": {
        "runtimeSource": "invoker",
        "connection": {
          "connectionReferenceLogicalName": "isa_GetDataConnectorsSharePoint"
        },
        "api": {
          "name": "shared_sharepointonline"
        }
      }
    },
    "definition": {
      "$schema": "https://schema.management.azure.com/providers/Microsoft.Logic/schemas/2016-06-01/workflowdefinition.json#",
      "contentVersion": "1.0.0.0",
      "parameters": {
        "$connections": {
          "defaultValue": {},
          "type": "Object"
        },
        "$authentication": {
          "defaultValue": {},
          "type": "SecureObject"
        },
        "Get Data Connectors - Site (isa_GetDataConnectorsSite)": {
          "defaultValue": "https://designcodev.sharepoint.com/sites/Demos",
          "type": "String",
          "metadata": {
            "schemaName": "isa_GetDataConnectorsSite",
            "description": "The site collection of the data connectors list."
          }
        },
        "Get Data Connectors -  Connectors List (isa_GetDataConnectorsConnectorsList)": {
          "defaultValue": "84672eca-099f-4661-8026-596ac4159d05",
          "type": "String",
          "metadata": {
            "schemaName": "isa_GetDataConnectorsConnectorsList",
            "description": "Data Connectors List"
          }
        },
        "Get Data Connectors -  Send Error Email To (isa_GetDataConnectorsSendErrorEmailTo)": {
          "defaultValue": "isabel.liu@quisitive.com",
          "type": "String",
          "metadata": {
            "schemaName": "isa_GetDataConnectorsSendErrorEmailTo",
            "description": "When a flow error out, it will send an email to these users."
          }
        },
        "Get Data Connectors - Flows List (isa_GetDataConnectorsFlowsList)": {
          "defaultValue": "f343e16d-106a-4ed2-a499-6951ff9bfe1e",
          "type": "String",
          "metadata": {
            "schemaName": "isa_GetDataConnectorsFlowsList"
          }
        },
        "Get Data Connectors -  Apps List (isa_GetDataConnectorsAppsList)": {
          "defaultValue": "e45747fb-dba2-4f52-84cf-6bc688f0ff7a",
          "type": "String",
          "metadata": {
            "schemaName": "isa_GetDataConnectorsAppsList"
          }
        }
      },
      "triggers": {
        "manual": {
          "metadata": {
            "operationMetadataId": "be19a0af-c18b-4463-91b1-c6431c9ca090"
          },
          "type": "Request",
          "kind": "Button",
          "inputs": {
            "schema": {
              "type": "object",
              "properties": {},
              "required": []
            }
          }
        }
      },
      "actions": {
        "const": {
          "runAfter": {},
          "metadata": {
            "operationMetadataId": "fcabf536-bb85-45b4-a47e-4b8277425b8b"
          },
          "type": "ParseJson",
          "inputs": {
            "content": {
              "ConnectorLUTemplate": "ID;#Title",
              "PersonColTemplate": "@{concat('{''Key'':''i:0#.f|membership|UPN''}')}",
              "SiteURL": "@{parameters('Get Data Connectors - Site (isa_GetDataConnectorsSite)')}",
              "FlowListID": "@{parameters('Get Data Connectors - Flows List (isa_GetDataConnectorsFlowsList)')}",
              "AppListID": "@{parameters('Get Data Connectors -  Apps List (isa_GetDataConnectorsAppsList)')}",
              "DataConnectorsListID": "@{parameters('Get Data Connectors -  Connectors List (isa_GetDataConnectorsConnectorsList)')}",
              "SendErrEmailTo": "@{parameters('Get Data Connectors -  Send Error Email To (isa_GetDataConnectorsSendErrorEmailTo)')}",
              "ErrEmailSubject": "Error Detected - @{workflow()?['tags/flowDisplayName']} @{convertFromUtc(utcNow(), 'Central Standard Time', 'g')}",
              "FlowRunLink": "<a href='@{concat('https://make.powerautomate.com/environments/', workflow().tags.environmentName, '/flows/', workflow().name, '/runs/', workflow().run.name)}'>Open flow run</a>",
              "ChangeSetID": "@{guid()}",
              "BatchID": "@{guid()}"
            },
            "schema": {
              "type": "object",
              "properties": {
                "ConnectorLUTemplate": {
                  "type": "string"
                },
                "PersonColTemplate": {
                  "type": "string"
                },
                "SiteURL": {
                  "type": "string"
                },
                "FlowListID": {
                  "type": "string"
                },
                "AppListID": {
                  "type": "string"
                },
                "DataConnectorsListID": {
                  "type": "string"
                },
                "SendErrEmailTo": {
                  "type": "string"
                },
                "ErrEmailSubject": {
                  "type": "string"
                },
                "FlowRunLink": {
                  "type": "string"
                },
                "ChangeSetID": {
                  "type": "string"
                },
                "BatchID": {
                  "type": "string"
                }
              }
            }
          }
        },
        "Initialize_variable_-_vApps": {
          "runAfter": {
            "const": [
              "Succeeded"
            ]
          },
          "metadata": {
            "operationMetadataId": "e3b2767a-7ddd-4ff3-bf44-1e76a86624f6"
          },
          "type": "InitializeVariable",
          "inputs": {
            "variables": [
              {
                "name": "vApps",
                "type": "array"
              }
            ]
          },
          "description": "Apps are ready to be added in SharePoint List"
        },
        "1-Get_Apps_and_Connectors": {
          "actions": {
            "Get_Environments": {
              "runAfter": {},
              "metadata": {
                "operationMetadataId": "ee733f81-588b-4158-9b00-7d733b29dbec"
              },
              "type": "OpenApiConnection",
              "inputs": {
                "host": {
                  "connectionName": "shared_powerappsforappmakers_1",
                  "operationId": "Get-Environments",
                  "apiId": "/providers/Microsoft.PowerApps/apis/shared_powerappsforappmakers"
                },
                "parameters": {
                  "api-version": "2022-11-01",
                  "$top": 250
                },
                "authentication": {
                  "type": "Raw",
                  "value": "@json(decodeBase64(triggerOutputs().headers['X-MS-APIM-Tokens']))['$ConnectionKey']"
                }
              }
            },
            "ForEachEnvironment": {
              "foreach": "@body('FilterOut-DisabledEnvironments')",
              "actions": {
                "Get_Apps_as_Admin": {
                  "runAfter": {},
                  "metadata": {
                    "operationMetadataId": "ddfda201-f28b-4d7d-896f-2b224504017b"
                  },
                  "type": "OpenApiConnection",
                  "inputs": {
                    "host": {
                      "connectionName": "shared_powerappsforadmins_1",
                      "operationId": "Get-AdminApps",
                      "apiId": "/providers/Microsoft.PowerApps/apis/shared_powerappsforadmins"
                    },
                    "parameters": {
                      "environment": "@items('ForEachEnvironment')?['ID']",
                      "api-version": "2016-11-01",
                      "$top": 250
                    },
                    "authentication": {
                      "type": "Raw",
                      "value": "@json(decodeBase64(triggerOutputs().headers['X-MS-APIM-Tokens']))['$ConnectionKey']"
                    }
                  },
                  "runtimeConfiguration": {
                    "paginationPolicy": {
                      "minimumItemCount": 250
                    }
                  }
                },
                "AppDetails": {
                  "runAfter": {
                    "Get_Apps_as_Admin": [
                      "Succeeded"
                    ]
                  },
                  "metadata": {
                    "operationMetadataId": "59299e1c-3717-4d59-88ad-af12f835ade3"
                  },
                  "type": "Select",
                  "inputs": {
                    "from": "@outputs('Get_Apps_as_Admin')?['body/value']",
                    "select": {
                      "AppID": "@item()?['name']",
                      "EnvironmentID": "@items('ForEachEnvironment')?['ID']",
                      "EnvironmentName": "@items('ForEachEnvironment')?['Name']",
                      "AppName": "@item()?['properties/displayName']",
                      "Description": "@item()?['properties/description']",
                      "ConnectorRef": "@item()?['properties/connectionReferences']",
                      "OwnerUPN": "@item()?['properties/owner/userPrincipalName']",
                      "CreatedDate": "@formatDateTime(item()?['properties/createdTime'],'MM-dd-yyy')",
                      "LastModifiedDate": "@formatDateTime(item()?['properties/lastModifiedTime'],'MM-dd-yyyy')"
                    }
                  }
                },
                "ForEachApp": {
                  "foreach": "@body('AppDetails')",
                  "actions": {
                    "Is_there_connection_reference": {
                      "actions": {
                        "App-ConnectorID": {
                          "runAfter": {},
                          "metadata": {
                            "operationMetadataId": "88212599-0456-4b64-ae07-fb47f0c5fe55"
                          },
                          "type": "Select",
                          "inputs": {
                            "from": "@items('ForEachApp')?['ConnectorRef']",
                            "select": "@last(split(item()?['id'], '/'))"
                          }
                        },
                        "Filter-UsedConnectors": {
                          "runAfter": {
                            "App-ConnectorID": [
                              "Succeeded"
                            ]
                          },
                          "metadata": {
                            "operationMetadataId": "f05aa9b3-da5d-4605-83ad-129c75d7e7fb"
                          },
                          "type": "Query",
                          "inputs": {
                            "from": "@body('Connector-Items')",
                            "where": "@contains(body('App-ConnectorID'), item()?['ConnectorID'])"
                          }
                        },
                        "Replace-LookUpColumnTemplate": {
                          "runAfter": {
                            "Filter-UsedConnectors": [
                              "Succeeded"
                            ]
                          },
                          "metadata": {
                            "operationMetadataId": "6bc2d838-5738-4307-b8e9-e6e078a51d82"
                          },
                          "type": "Select",
                          "inputs": {
                            "from": "@body('Filter-UsedConnectors')",
                            "select": "@replace(replace(body('const')?['ConnectorLUTemplate'], 'ID', string(item()?['ID'])), 'Title', string(item()?['Title']))"
                          }
                        }
                      },
                      "runAfter": {},
                      "expression": {
                        "not": {
                          "equals": [
                            "@empty(items('ForEachApp')?['ConnectorRef'])",
                            "@true"
                          ]
                        }
                      },
                      "metadata": {
                        "operationMetadataId": "9e2e2697-9b56-42fa-afc0-49e3f478d860"
                      },
                      "type": "If"
                    },
                    "Send_an_HTTP_request": {
                      "runAfter": {
                        "Is_there_connection_reference": [
                          "Succeeded"
                        ]
                      },
                      "metadata": {
                        "operationMetadataId": "046d8d6d-95e8-46fc-a9a3-8a3b7be595ed"
                      },
                      "type": "OpenApiConnection",
                      "inputs": {
                        "host": {
                          "connectionName": "shared_office365users",
                          "operationId": "HttpRequest",
                          "apiId": "/providers/Microsoft.PowerApps/apis/shared_office365users"
                        },
                        "parameters": {
                          "Uri": "https://graph.microsoft.com/v1.0/users?$filter=userPrincipalName eq '@{items('ForEachApp')?['OwnerUPN']}'&$select=accountEnabled,userPrincipalName",
                          "Method": "GET",
                          "ContentType": "application/json"
                        },
                        "authentication": {
                          "type": "Raw",
                          "value": "@json(decodeBase64(triggerOutputs().headers['X-MS-APIM-Tokens']))['$ConnectionKey']"
                        }
                      }
                    },
                    "Append_to_array_variable_-_vApps": {
                      "runAfter": {
                        "Send_an_HTTP_request": [
                          "Succeeded"
                        ]
                      },
                      "metadata": {
                        "operationMetadataId": "7d48b9a7-ca99-48fb-8d5f-e0423d6c813b"
                      },
                      "type": "AppendToArrayVariable",
                      "inputs": {
                        "name": "vApps",
                        "value": "@addProperty(addProperty(items('ForEachApp'),'Connectors',if(empty(body('Replace-LookUpColumnTemplate')),'',join(body('Replace-LookUpColumnTemplate'),';#'))),\r\n'Owner',if(first(body('Send_an_HTTP_request')?['value'])?['accountEnabled'], replace(body('const')?['PersonColTemplate'],'UPN',items('ForEachApp')?['OwnerUPN']),''))"
                      }
                    }
                  },
                  "runAfter": {
                    "AppDetails": [
                      "Succeeded"
                    ]
                  },
                  "metadata": {
                    "operationMetadataId": "c3201e8a-4b7e-47a1-a654-e9496452fdae"
                  },
                  "type": "Foreach",
                  "runtimeConfiguration": {
                    "concurrency": {
                      "repetitions": 20
                    }
                  }
                }
              },
              "runAfter": {
                "FilterOut-DisabledEnvironments": [
                  "Succeeded"
                ]
              },
              "metadata": {
                "operationMetadataId": "9993f2ac-74d1-453a-96db-0acaae3bf6d0"
              },
              "type": "Foreach"
            },
            "Environments": {
              "runAfter": {
                "Get_Environments": [
                  "Succeeded"
                ]
              },
              "metadata": {
                "operationMetadataId": "8b257b9b-2871-47b7-951b-96f93aac32a6"
              },
              "type": "Select",
              "inputs": {
                "from": "@outputs('Get_Environments')?['body/value']",
                "select": {
                  "ID": "@item()?['name']",
                  "Name": "@item()?['properties/displayName']",
                  "Type": "@item()?['properties/environmentSku']",
                  "Status": "@item()?['properties/states/runtime/id']"
                }
              }
            },
            "FilterOut-DisabledEnvironments": {
              "runAfter": {
                "Environments": [
                  "Succeeded"
                ]
              },
              "metadata": {
                "operationMetadataId": "3441beec-984f-429f-bef4-0ea9724a7f2a"
              },
              "type": "Query",
              "inputs": {
                "from": "@body('Environments')",
                "where": "@not(equals(item()?['Status'], 'Disabled'))"
              }
            },
            "Compose": {
              "runAfter": {
                "ForEachEnvironment": [
                  "Succeeded"
                ]
              },
              "metadata": {
                "operationMetadataId": "fd5c202b-cac4-4681-8ae7-3d1ccea08683"
              },
              "type": "Compose",
              "inputs": "@variables('vApps')"
            }
          },
          "runAfter": {
            "0-Get_Data_Connectors_items": [
              "Succeeded"
            ]
          },
          "metadata": {
            "operationMetadataId": "edc93dba-fbdc-431f-8910-b648c6e2277b"
          },
          "type": "Scope"
        },
        "0-Get_Data_Connectors_items": {
          "actions": {
            "Connector-Items": {
              "runAfter": {
                "Get_items_-_ConnectorsList": [
                  "Succeeded"
                ]
              },
              "metadata": {
                "operationMetadataId": "5c6d91ff-4e4c-4c33-83f4-73bb25857223"
              },
              "type": "Select",
              "inputs": {
                "from": "@outputs('Get_items_-_ConnectorsList')?['body/value']",
                "select": {
                  "ConnectorID": "@item()?['ConnectorID']",
                  "ID": "@item()?['ID']",
                  "Title": "@item()?['Title']"
                }
              }
            },
            "Get_items_-_ConnectorsList": {
              "runAfter": {},
              "metadata": {
                "operationMetadataId": "b00fc423-5512-4d7a-b6e9-8998e424a727"
              },
              "type": "OpenApiConnection",
              "inputs": {
                "host": {
                  "connectionName": "shared_sharepointonline_2",
                  "operationId": "GetItems",
                  "apiId": "/providers/Microsoft.PowerApps/apis/shared_sharepointonline"
                },
                "parameters": {
                  "dataset": "@body('const')?['SiteURL']",
                  "table": "@body('const')?['DataConnectorsListID']",
                  "$top": 5000
                },
                "authentication": {
                  "type": "Raw",
                  "value": "@json(decodeBase64(triggerOutputs().headers['X-MS-APIM-Tokens']))['$ConnectionKey']"
                }
              },
              "runtimeConfiguration": {
                "paginationPolicy": {
                  "minimumItemCount": 5000
                }
              }
            }
          },
          "runAfter": {
            "Initialize_variable_-_vApps": [
              "Succeeded"
            ]
          },
          "metadata": {
            "operationMetadataId": "d27fa6f0-e467-4007-81ef-ae9cf3326985"
          },
          "type": "Scope"
        },
        "2-Create_items": {
          "actions": {
            "Template-AddItems": {
              "runAfter": {},
              "metadata": {
                "operationMetadataId": "bdb7ca27-dce2-4a80-a165-a47892725915"
              },
              "type": "Compose",
              "inputs": "\n--changeset_@{body('const')?['ChangeSetID']}\nContent-Type: application/http\nContent-Transfer-Encoding: binary\n\nPOST @{body('const')?['SiteURL']}/_api/web/lists(guid'@{body('const')?['AppListID']}')/AddValidateUpdateItem HTTP/1.1\nContent-Type: application/json;odata=nometadata\nAccept: application/json;odata=nometadata\n\n{\n  \"formValues\": [\n    {\n      \"FieldName\": \"Title\",\n      \"FieldValue\": \"{{Title}}\"\n    },\n    {\n      \"FieldName\": \"AppID\",\n      \"FieldValue\": \"{{AppID}}\"\n    },\n    {\n      \"FieldName\": \"EnvironmentID\",\n      \"FieldValue\": \"{{EnvironmentID}}\"\n    },\n    {\n      \"FieldName\": \"EnvironmentName\",\n      \"FieldValue\": \"{{EnvironmentName}}\"\n    },\n    {\n      \"FieldName\": \"Description\",\n      \"FieldValue\": \"{{Description}}\"\n    },\n    {\n      \"FieldName\": \"Owner\",\n      \"FieldValue\": \"[{{Owner}}]\"\n    },\n    {\n      \"FieldName\": \"CreatedDate\",\n      \"FieldValue\": \"{{CreatedDate}}\"\n    },\n    {\n      \"FieldName\": \"LastModifiedDate\",\n      \"FieldValue\": \"{{LastModifiedDate}}\"\n    },\n    {\n      \"FieldName\": \"Connectors\",\n      \"FieldValue\": \"{{Connectors}}\"\n    }\n  ],\n  \"bNewDocumentUpdate\": false\n}\n"
            },
            "Replace-AddItems": {
              "runAfter": {
                "Template-AddItems": [
                  "Succeeded"
                ]
              },
              "metadata": {
                "operationMetadataId": "6ec7d680-d90c-4ec8-9f30-efbd25200635"
              },
              "type": "Select",
              "inputs": {
                "from": "@variables('vApps')",
                "select": "@replace(replace(replace(replace(replace(replace(replace(replace(replace(outputs('Template-AddItems'), \r\n'{{Title}}', string(item()?['AppName'])), \r\n'{{AppID}}', string(item()?['AppID'])), \r\n'{{EnvironmentID}}', string(item()?['EnvironmentID'])), \r\n'{{EnvironmentName}}', string(item()?['EnvironmentName'])),\r\n'{{Description}}', string(item()?['Description'])),\r\n'{{Owner}}', string(item()?['Owner'])), \r\n'{{CreatedDate}}', string(item()?['CreatedDate'])), \r\n'{{LastModifiedDate}}', string(item()?['LastModifiedDate'])), \r\n'{{Connectors}}', string(item()?['Connectors']))"
              }
            },
            "Replace-Chunk100": {
              "runAfter": {
                "Replace-AddItems": [
                  "Succeeded"
                ]
              },
              "metadata": {
                "operationMetadataId": "9486e942-5dce-44fa-a8b1-532d7e1d0356"
              },
              "type": "Compose",
              "inputs": "@chunk(body('Replace-AddItems'), 100)"
            },
            "ForEachChunk": {
              "foreach": "@outputs('Replace-Chunk100')",
              "actions": {
                "Batch-Create": {
                  "runAfter": {},
                  "metadata": {
                    "operationMetadataId": "336af0f7-6c32-4f54-a655-1a3a7d92b16b"
                  },
                  "type": "OpenApiConnection",
                  "inputs": {
                    "host": {
                      "connectionName": "shared_sharepointonline_2",
                      "operationId": "HttpRequest",
                      "apiId": "/providers/Microsoft.PowerApps/apis/shared_sharepointonline"
                    },
                    "parameters": {
                      "dataset": "@body('const')?['SiteURL']",
                      "parameters/method": "POST",
                      "parameters/uri": "_api/$batch",
                      "parameters/headers": {
                        "Content-Type": "multipart/mixed; boundary=batch_@{body('const')?['BatchID']}"
                      },
                      "parameters/body": "--batch_@{body('const')?['BatchID']}\nContent-Type: multipart/mixed; boundary=changeset_@{body('const')?['ChangeSetID']}\n\n@{join(items('ForEachChunk'),'')}\n--changeset_@{body('const')?['ChangeSetID']}--\n--batch_@{body('const')?['BatchID']}--"
                    },
                    "authentication": {
                      "type": "Raw",
                      "value": "@json(decodeBase64(triggerOutputs().headers['X-MS-APIM-Tokens']))['$ConnectionKey']"
                    }
                  }
                }
              },
              "runAfter": {
                "Replace-Chunk100": [
                  "Succeeded"
                ]
              },
              "metadata": {
                "operationMetadataId": "d0306bfa-d709-447d-870d-7412f6005ebe"
              },
              "type": "Foreach"
            }
          },
          "runAfter": {
            "1-Get_Apps_and_Connectors": [
              "Succeeded"
            ]
          },
          "metadata": {
            "operationMetadataId": "79ae65bc-c67a-4025-bf66-ac2ac91900f7"
          },
          "type": "Scope"
        }
      }
    },
    "templateName": ""
  },
  "schemaVersion": "1.0.0.0"
}