{
  "properties": {
    "connectionReferences": {
      "shared_sharepointonline_1": {
        "runtimeSource": "invoker",
        "connection": {
          "connectionReferenceLogicalName": "isa_GetDataConnectorsSharePoint"
        },
        "api": {
          "name": "shared_sharepointonline"
        }
      }
    },
    "definition": {
      "$schema": "https://schema.management.azure.com/providers/Microsoft.Logic/schemas/2016-06-01/workflowdefinition.json#",
      "contentVersion": "1.0.0.0",
      "parameters": {
        "$connections": {
          "defaultValue": {},
          "type": "Object"
        },
        "$authentication": {
          "defaultValue": {},
          "type": "SecureObject"
        },
        "Get Data Connectors - Site (isa_GetDataConnectorsSite)": {
          "defaultValue": "https://designcodev.sharepoint.com/sites/Demos",
          "type": "String",
          "metadata": {
            "schemaName": "isa_GetDataConnectorsSite",
            "description": "The site collection of the data connectors list."
          }
        }
      },
      "triggers": {
        "manual": {
          "metadata": {
            "operationMetadataId": "7f24b728-f98e-4814-8bab-a2b106292ac8"
          },
          "type": "Request",
          "kind": "Button",
          "inputs": {
            "schema": {
              "type": "object",
              "properties": {},
              "required": []
            }
          }
        }
      },
      "actions": {
        "2-Create_Flows_List": {
          "actions": {
            "ListName-Flows": {
              "runAfter": {},
              "metadata": {
                "operationMetadataId": "b2e4e1a9-917d-494a-bd69-d90c8f403a33"
              },
              "type": "Compose",
              "inputs": "Flows-DEMO"
            },
            "Parse_JSON_-_Flows_List": {
              "runAfter": {
                "ListName-Flows": [
                  "Succeeded"
                ]
              },
              "metadata": {
                "operationMetadataId": "8b8a6fed-488c-4690-92bc-69b8845f99d5"
              },
              "type": "ParseJson",
              "inputs": {
                "content": {
                  "$schema": "https://developer.microsoft.com/json-schemas/sp/site-design-script-actions.schema.json",
                  "actions": [
                    {
                      "verb": "createSPList",
                      "listName": "[[LFlows_TEST0001_listName]]",
                      "templateType": 100,
                      "color": "[[LFlows_TEST0001_color]]",
                      "icon": "[[LFlows_TEST0001_icon]]",
                      "addNavLink": "[[LFlows_TEST0001_addNavLink]]",
                      "description": "[[LFlows_TEST0001_description]]",
                      "identity": "LFlows_TEST0001",
                      "subactions": [
                        {
                          "verb": "addSPFieldXml",
                          "schemaXml": "<Field ID=\"{fa564e0f-0c70-4ab9-b863-0177e6ddd247}\" Type=\"Text\" Name=\"Title\" DisplayName=\"Title\" Required=\"FALSE\" SourceID=\"http://schemas.microsoft.com/sharepoint/v3\" StaticName=\"Title\" FromBaseType=\"TRUE\" MaxLength=\"255\" />"
                        },
                        {
                          "verb": "addSPFieldXml",
                          "schemaXml": "<Field Description=\"Unique identifier of the flow.\" DisplayName=\"FlowID\" Format=\"Dropdown\" IsModern=\"TRUE\" MaxLength=\"255\" Name=\"FlowID\" Title=\"FlowID\" Type=\"Text\" ID=\"{c9fd501c-19e4-4ee2-b2cb-9d78a3c62511}\" StaticName=\"FlowID\" />"
                        },
                        {
                          "verb": "addSPFieldXml",
                          "schemaXml": "<Field CustomFormatter=\"{&quot;elmType&quot;:&quot;div&quot;,&quot;style&quot;:{&quot;flex-wrap&quot;:&quot;wrap&quot;,&quot;display&quot;:&quot;flex&quot;},&quot;children&quot;:[{&quot;elmType&quot;:&quot;div&quot;,&quot;style&quot;:{&quot;box-sizing&quot;:&quot;border-box&quot;,&quot;padding&quot;:&quot;4px 8px 5px 8px&quot;,&quot;overflow&quot;:&quot;hidden&quot;,&quot;text-overflow&quot;:&quot;ellipsis&quot;,&quot;display&quot;:&quot;flex&quot;,&quot;border-radius&quot;:&quot;16px&quot;,&quot;height&quot;:&quot;24px&quot;,&quot;align-items&quot;:&quot;center&quot;,&quot;white-space&quot;:&quot;nowrap&quot;,&quot;margin&quot;:&quot;4px 4px 4px 4px&quot;},&quot;attributes&quot;:{&quot;class&quot;:{&quot;operator&quot;:&quot;:&quot;,&quot;operands&quot;:[{&quot;operator&quot;:&quot;==&quot;,&quot;operands&quot;:[&quot;@currentField&quot;,&quot;Started&quot;]},&quot;sp-css-backgroundColor-BgCornflowerBlue sp-field-fontSizeSmall sp-css-color-CornflowerBlueFont&quot;,{&quot;operator&quot;:&quot;:&quot;,&quot;operands&quot;:[{&quot;operator&quot;:&quot;==&quot;,&quot;operands&quot;:[&quot;@currentField&quot;,&quot;Stopped&quot;]},&quot;sp-css-backgroundColor-BgGold sp-css-borderColor-GoldFont sp-field-fontSizeSmall sp-css-color-GoldFont&quot;,{&quot;operator&quot;:&quot;:&quot;,&quot;operands&quot;:[{&quot;operator&quot;:&quot;==&quot;,&quot;operands&quot;:[&quot;@currentField&quot;,&quot;&quot;]},&quot;&quot;,&quot;sp-field-borderAllRegular sp-field-borderAllSolid sp-css-borderColor-neutralSecondary&quot;]}]}]}},&quot;children&quot;:[{&quot;elmType&quot;:&quot;span&quot;,&quot;style&quot;:{&quot;overflow&quot;:&quot;hidden&quot;,&quot;text-overflow&quot;:&quot;ellipsis&quot;,&quot;padding&quot;:&quot;0 3px&quot;},&quot;txtContent&quot;:&quot;@currentField&quot;,&quot;attributes&quot;:{&quot;class&quot;:{&quot;operator&quot;:&quot;:&quot;,&quot;operands&quot;:[{&quot;operator&quot;:&quot;==&quot;,&quot;operands&quot;:[&quot;@currentField&quot;,&quot;Started&quot;]},&quot;sp-field-fontSizeSmall sp-css-color-CornflowerBlueFont&quot;,{&quot;operator&quot;:&quot;:&quot;,&quot;operands&quot;:[{&quot;operator&quot;:&quot;==&quot;,&quot;operands&quot;:[&quot;@currentField&quot;,&quot;Stopped&quot;]},&quot;sp-field-fontSizeSmall sp-css-color-GoldFont&quot;,{&quot;operator&quot;:&quot;:&quot;,&quot;operands&quot;:[{&quot;operator&quot;:&quot;==&quot;,&quot;operands&quot;:[&quot;@currentField&quot;,&quot;&quot;]},&quot;&quot;,&quot;&quot;]}]}]}}}]}],&quot;templateId&quot;:&quot;BgColorChoicePill&quot;}\" Description=\"The state of the flow.\" DisplayName=\"State\" FillInChoice=\"FALSE\" Format=\"Dropdown\" IsModern=\"TRUE\" Name=\"State\" Title=\"State\" Type=\"Choice\" ID=\"{cef1be3d-55b5-413f-8d4c-3db72b22c612}\" StaticName=\"State\"><CHOICES><CHOICE>Started</CHOICE><CHOICE>Stopped</CHOICE></CHOICES></Field>"
                        },
                        {
                          "verb": "addSPFieldXml",
                          "schemaXml": "<Field CustomFormatter=\"{&quot;elmType&quot;:&quot;div&quot;,&quot;style&quot;:{&quot;flex-wrap&quot;:&quot;wrap&quot;,&quot;display&quot;:&quot;flex&quot;},&quot;children&quot;:[{&quot;elmType&quot;:&quot;div&quot;,&quot;style&quot;:{&quot;box-sizing&quot;:&quot;border-box&quot;,&quot;padding&quot;:&quot;4px 8px 5px 8px&quot;,&quot;overflow&quot;:&quot;hidden&quot;,&quot;text-overflow&quot;:&quot;ellipsis&quot;,&quot;display&quot;:&quot;flex&quot;,&quot;border-radius&quot;:&quot;16px&quot;,&quot;height&quot;:&quot;24px&quot;,&quot;align-items&quot;:&quot;center&quot;,&quot;white-space&quot;:&quot;nowrap&quot;,&quot;margin&quot;:&quot;4px 4px 4px 4px&quot;},&quot;attributes&quot;:{&quot;class&quot;:{&quot;operator&quot;:&quot;:&quot;,&quot;operands&quot;:[{&quot;operator&quot;:&quot;==&quot;,&quot;operands&quot;:[&quot;@currentField&quot;,&quot;Choice 1&quot;]},&quot;sp-css-backgroundColor-BgCornflowerBlue sp-field-fontSizeSmall sp-css-color-CornflowerBlueFont&quot;,{&quot;operator&quot;:&quot;:&quot;,&quot;operands&quot;:[{&quot;operator&quot;:&quot;==&quot;,&quot;operands&quot;:[&quot;@currentField&quot;,&quot;&quot;]},&quot;&quot;,&quot;sp-field-borderAllRegular sp-field-borderAllSolid sp-css-borderColor-neutralSecondary&quot;]}]}},&quot;children&quot;:[{&quot;elmType&quot;:&quot;span&quot;,&quot;style&quot;:{&quot;overflow&quot;:&quot;hidden&quot;,&quot;text-overflow&quot;:&quot;ellipsis&quot;,&quot;padding&quot;:&quot;0 3px&quot;},&quot;txtContent&quot;:&quot;@currentField&quot;,&quot;attributes&quot;:{&quot;class&quot;:{&quot;operator&quot;:&quot;:&quot;,&quot;operands&quot;:[{&quot;operator&quot;:&quot;==&quot;,&quot;operands&quot;:[&quot;@currentField&quot;,&quot;Choice 1&quot;]},&quot;sp-field-fontSizeSmall sp-css-color-CornflowerBlueFont&quot;,{&quot;operator&quot;:&quot;:&quot;,&quot;operands&quot;:[{&quot;operator&quot;:&quot;==&quot;,&quot;operands&quot;:[&quot;@currentField&quot;,&quot;&quot;]},&quot;&quot;,&quot;&quot;]}]}}}]}],&quot;templateId&quot;:&quot;BgColorChoicePill&quot;}\" Description=\"Environment ID of the flow.\" DisplayName=\"EnvironmentID\" FillInChoice=\"FALSE\" Format=\"Dropdown\" IsModern=\"TRUE\" Name=\"EnvironmentID\" Title=\"EnvironmentID\" Type=\"Choice\" ID=\"{5d60195e-9123-4dd9-9d00-5909b3af4c92}\" StaticName=\"EnvironmentID\"><CHOICES><CHOICE>Choice 1</CHOICE></CHOICES></Field>"
                        },
                        {
                          "verb": "addSPFieldXml",
                          "schemaXml": "<Field Description=\"The creator of the flow Entra ID object ID.\" DisplayName=\"CreatorObjID\" Format=\"Dropdown\" IsModern=\"TRUE\" MaxLength=\"255\" Name=\"CreatorObjID\" Title=\"CreatorObjID\" Type=\"Text\" ID=\"{fa85e2e0-d0c0-4ab7-a1f0-f9b9b26b2bdb}\" StaticName=\"CreatorObjID\" />"
                        },
                        {
                          "verb": "addSPFieldXml",
                          "schemaXml": "<Field Description=\"The date of the flow was created.\" DisplayName=\"CreatedDate\" FriendlyDisplayFormat=\"Disabled\" Format=\"DateOnly\" IsModern=\"TRUE\" Name=\"CreatedDate\" Title=\"CreatedDate\" Type=\"DateTime\" ID=\"{2385fb6b-6a0e-4800-9351-71b75a3795f3}\" StaticName=\"CreatedDate\" />"
                        },
                        {
                          "verb": "addSPFieldXml",
                          "schemaXml": "<Field Description=\"The date of the flow was last modified.\" DisplayName=\"LastModifiedDate\" FriendlyDisplayFormat=\"Disabled\" Format=\"DateOnly\" IsModern=\"TRUE\" Name=\"LastModifiedDate\" Title=\"LastModifiedDate\" Type=\"DateTime\" ID=\"{3750f121-139b-4db4-aac2-05537a4032c8}\" StaticName=\"LastModifiedDate\" />"
                        },
                        {
                          "verb": "addSPFieldXml",
                          "schemaXml": "<Field CustomFormatter=\"{&quot;elmType&quot;:&quot;div&quot;,&quot;style&quot;:{&quot;flex-wrap&quot;:&quot;wrap&quot;,&quot;display&quot;:&quot;flex&quot;},&quot;children&quot;:[{&quot;elmType&quot;:&quot;div&quot;,&quot;style&quot;:{&quot;box-sizing&quot;:&quot;border-box&quot;,&quot;padding&quot;:&quot;4px 8px 5px 8px&quot;,&quot;overflow&quot;:&quot;hidden&quot;,&quot;text-overflow&quot;:&quot;ellipsis&quot;,&quot;display&quot;:&quot;flex&quot;,&quot;border-radius&quot;:&quot;16px&quot;,&quot;height&quot;:&quot;24px&quot;,&quot;align-items&quot;:&quot;center&quot;,&quot;white-space&quot;:&quot;nowrap&quot;,&quot;margin&quot;:&quot;4px 4px 4px 4px&quot;},&quot;attributes&quot;:{&quot;class&quot;:{&quot;operator&quot;:&quot;:&quot;,&quot;operands&quot;:[{&quot;operator&quot;:&quot;==&quot;,&quot;operands&quot;:[&quot;@currentField&quot;,&quot;Choice 1&quot;]},&quot;sp-css-backgroundColor-BgCornflowerBlue sp-field-fontSizeSmall sp-css-color-CornflowerBlueFont&quot;,{&quot;operator&quot;:&quot;:&quot;,&quot;operands&quot;:[{&quot;operator&quot;:&quot;==&quot;,&quot;operands&quot;:[&quot;@currentField&quot;,&quot;&quot;]},&quot;&quot;,&quot;sp-field-borderAllRegular sp-field-borderAllSolid sp-css-borderColor-neutralSecondary&quot;]}]}},&quot;children&quot;:[{&quot;elmType&quot;:&quot;span&quot;,&quot;style&quot;:{&quot;overflow&quot;:&quot;hidden&quot;,&quot;text-overflow&quot;:&quot;ellipsis&quot;,&quot;padding&quot;:&quot;0 3px&quot;},&quot;txtContent&quot;:&quot;@currentField&quot;,&quot;attributes&quot;:{&quot;class&quot;:{&quot;operator&quot;:&quot;:&quot;,&quot;operands&quot;:[{&quot;operator&quot;:&quot;==&quot;,&quot;operands&quot;:[&quot;@currentField&quot;,&quot;Choice 1&quot;]},&quot;sp-field-fontSizeSmall sp-css-color-CornflowerBlueFont&quot;,{&quot;operator&quot;:&quot;:&quot;,&quot;operands&quot;:[{&quot;operator&quot;:&quot;==&quot;,&quot;operands&quot;:[&quot;@currentField&quot;,&quot;&quot;]},&quot;&quot;,&quot;&quot;]}]}}}]}],&quot;templateId&quot;:&quot;BgColorChoicePill&quot;}\" Description=\"The display name of the environment.\" DisplayName=\"EnvironmentName\" FillInChoice=\"FALSE\" Format=\"Dropdown\" IsModern=\"TRUE\" Name=\"EnvironmentName\" Title=\"EnvironmentName\" Type=\"Choice\" ID=\"{e6d4fd61-7bab-4cf0-9325-4af70183d518}\" StaticName=\"EnvironmentName\"><CHOICES><CHOICE>Choice 1</CHOICE></CHOICES></Field>"
                        },
                        {
                          "verb": "addSPFieldXml",
                          "schemaXml": "<Field ID=\"{82642ec8-ef9b-478f-acf9-31f7d45fbc31}\" DisplayName=\"Title\" Description=\"\" Name=\"LinkTitle\" SourceID=\"http://schemas.microsoft.com/sharepoint/v3\" StaticName=\"LinkTitle\" Type=\"Computed\" ReadOnly=\"TRUE\" FromBaseType=\"TRUE\" Width=\"150\" DisplayNameSrcField=\"Title\" Sealed=\"FALSE\"><FieldRefs><FieldRef Name=\"Title\" /><FieldRef Name=\"LinkTitleNoMenu\" /><FieldRef Name=\"_EditMenuTableStart2\" /><FieldRef Name=\"_EditMenuTableEnd\" /></FieldRefs><DisplayPattern><FieldSwitch><Expr><GetVar Name=\"FreeForm\" /></Expr><Case Value=\"TRUE\"><Field Name=\"LinkTitleNoMenu\" /></Case><Default><HTML><![CDATA[<div class=\"ms-vb itx\" onmouseover=\"OnItem(this)\" CTXName=\"ctx]]></HTML><Field Name=\"_EditMenuTableStart2\" /><HTML><![CDATA[\">]]></HTML><Field Name=\"LinkTitleNoMenu\" /><HTML><![CDATA[</div>]]></HTML><HTML><![CDATA[<div class=\"s4-ctx\" onmouseover=\"OnChildItem(this.parentNode); return false;\">]]></HTML><HTML><![CDATA[<span>&nbsp;</span>]]></HTML><HTML><![CDATA[<a onfocus=\"OnChildItem(this.parentNode.parentNode); return false;\" onclick=\"PopMenuFromChevron(event); return false;\" href=\"javascript:;\" title=\"Open Menu\"></a>]]></HTML><HTML><![CDATA[<span>&nbsp;</span>]]></HTML><HTML><![CDATA[</div>]]></HTML></Default></FieldSwitch></DisplayPattern></Field>"
                        },
                        {
                          "verb": "addContentType",
                          "name": "Item",
                          "id": "0x01",
                          "fieldRefsXml": [
                            "<FieldRef ID=\"{fa564e0f-0c70-4ab9-b863-0177e6ddd247}\" Name=\"Title\" />",
                            "<FieldRef ID=\"{82642ec8-ef9b-478f-acf9-31f7d45fbc31}\" Name=\"LinkTitle\" DisplayName=\"Title\" ReadOnly=\"TRUE\" />",
                            "<FieldRef ID=\"{c9fd501c-19e4-4ee2-b2cb-9d78a3c62511}\" Name=\"FlowID\" />",
                            "<FieldRef ID=\"{cef1be3d-55b5-413f-8d4c-3db72b22c612}\" Name=\"State\" />",
                            "<FieldRef ID=\"{5d60195e-9123-4dd9-9d00-5909b3af4c92}\" Name=\"EnvironmentID\" />",
                            "<FieldRef ID=\"{fa85e2e0-d0c0-4ab7-a1f0-f9b9b26b2bdb}\" Name=\"CreatorObjID\" />",
                            "<FieldRef ID=\"{2385fb6b-6a0e-4800-9351-71b75a3795f3}\" Name=\"CreatedDate\" />",
                            "<FieldRef ID=\"{3750f121-139b-4db4-aac2-05537a4032c8}\" Name=\"LastModifiedDate\" />",
                            "<FieldRef ID=\"{e6d4fd61-7bab-4cf0-9325-4af70183d518}\" Name=\"EnvironmentName\" />"
                          ]
                        },
                        {
                          "verb": "addContentType",
                          "name": "Folder",
                          "id": "0x0120"
                        },
                        {
                          "verb": "addSPView",
                          "name": "All Items",
                          "viewFields": [
                            "LinkTitle",
                            "FlowID",
                            "State",
                            "EnvironmentID",
                            "CreatorObjID",
                            "CreatedDate",
                            "LastModifiedDate",
                            "EnvironmentName"
                          ],
                          "query": "",
                          "rowLimit": 30,
                          "isPaged": true,
                          "makeDefault": true,
                          "formatterJSON": "",
                          "replaceViewFields": true
                        }
                      ]
                    }
                  ],
                  "bindings": {
                    "LFlows_TEST0001_listName": {
                      "source": "Input",
                      "defaultValue": "Flows-TEST"
                    },
                    "LFlows_TEST0001_icon": {
                      "source": "Input",
                      "defaultValue": "7"
                    },
                    "LFlows_TEST0001_description": {
                      "source": "Input",
                      "defaultValue": "Power Automate flows with their associated connectors"
                    },
                    "LFlows_TEST0001_color": {
                      "source": "Input",
                      "defaultValue": "8"
                    },
                    "LFlows_TEST0001_addNavLink": {
                      "source": "Input",
                      "defaultValue": "false"
                    }
                  }
                },
                "schema": {
                  "type": "object",
                  "properties": {
                    "$schema": {
                      "type": "string"
                    },
                    "actions": {
                      "type": "array",
                      "items": {
                        "type": "object",
                        "properties": {
                          "verb": {
                            "type": "string"
                          },
                          "listName": {
                            "type": "string"
                          },
                          "templateType": {
                            "type": "integer"
                          },
                          "color": {
                            "type": "string"
                          },
                          "icon": {
                            "type": "string"
                          },
                          "addNavLink": {
                            "type": "string"
                          },
                          "description": {
                            "type": "string"
                          },
                          "identity": {
                            "type": "string"
                          },
                          "subactions": {
                            "type": "array",
                            "items": {
                              "type": "object",
                              "properties": {
                                "verb": {
                                  "type": "string"
                                },
                                "schemaXml": {
                                  "type": "string"
                                },
                                "name": {
                                  "type": "string"
                                },
                                "id": {
                                  "type": "string"
                                },
                                "fieldRefsXml": {
                                  "type": "array",
                                  "items": {
                                    "type": "string"
                                  }
                                },
                                "viewFields": {
                                  "type": "array",
                                  "items": {
                                    "type": "string"
                                  }
                                },
                                "query": {
                                  "type": "string"
                                },
                                "rowLimit": {
                                  "type": "integer"
                                },
                                "isPaged": {
                                  "type": "boolean"
                                },
                                "makeDefault": {
                                  "type": "boolean"
                                },
                                "formatterJSON": {
                                  "type": "string"
                                },
                                "replaceViewFields": {
                                  "type": "boolean"
                                },
                                "columnWidthXml": {
                                  "type": "string"
                                }
                              },
                              "required": [
                                "verb"
                              ]
                            }
                          }
                        },
                        "required": [
                          "verb",
                          "listName",
                          "templateType",
                          "color",
                          "icon",
                          "addNavLink",
                          "description",
                          "identity",
                          "subactions"
                        ]
                      }
                    },
                    "bindings": {
                      "type": "object",
                      "properties": {
                        "LApprovals0001_listName": {
                          "type": "object",
                          "properties": {
                            "source": {
                              "type": "string"
                            },
                            "defaultValue": {
                              "type": "string"
                            }
                          }
                        },
                        "LApprovals0001_icon": {
                          "type": "object",
                          "properties": {
                            "source": {
                              "type": "string"
                            },
                            "defaultValue": {
                              "type": "string"
                            }
                          }
                        },
                        "LApprovals0001_description": {
                          "type": "object",
                          "properties": {
                            "source": {
                              "type": "string"
                            },
                            "defaultValue": {
                              "type": "string"
                            }
                          }
                        },
                        "LApprovals0001_color": {
                          "type": "object",
                          "properties": {
                            "source": {
                              "type": "string"
                            },
                            "defaultValue": {
                              "type": "string"
                            }
                          }
                        },
                        "LApprovals0001_addNavLink": {
                          "type": "object",
                          "properties": {
                            "source": {
                              "type": "string"
                            },
                            "defaultValue": {
                              "type": "string"
                            }
                          }
                        }
                      }
                    }
                  }
                }
              }
            },
            "CreateList-Flows": {
              "runAfter": {
                "Parse_JSON_-_Flows_List": [
                  "Succeeded"
                ]
              },
              "metadata": {
                "operationMetadataId": "2c286d22-e5a8-42d8-a053-8e408c6e1ac6"
              },
              "type": "OpenApiConnection",
              "inputs": {
                "host": {
                  "connectionName": "shared_sharepointonline_1",
                  "operationId": "HttpRequest",
                  "apiId": "/providers/Microsoft.PowerApps/apis/shared_sharepointonline"
                },
                "parameters": {
                  "dataset": "@parameters('Get Data Connectors - Site (isa_GetDataConnectorsSite)')",
                  "parameters/method": "POST",
                  "parameters/uri": "_api/Microsoft.Sharepoint.Utilities.WebTemplateExtensions.SiteScriptUtility.ExecuteTemplateScript()",
                  "parameters/headers": {
                    "Aceept": "application/json;odata=verbose",
                    "Content-Type": "application/json;odata=verbose"
                  },
                  "parameters/body": "{\"script\": \"{\\\"actions\\\":[@{replace(replace(string(setProperty(setProperty(body('Parse_JSON_-_Flows_List')?['actions'][0],'listName',outputs('ListName-Flows')),'addNavLink',false)),'\\','\\\\'),'\"','\\\"')}]}\"}"
                },
                "authentication": {
                  "type": "Raw",
                  "value": "@json(decodeBase64(triggerOutputs().headers['X-MS-APIM-Tokens']))['$ConnectionKey']"
                }
              }
            }
          },
          "runAfter": {
            "Terminate": [
              "Succeeded"
            ]
          },
          "metadata": {
            "operationMetadataId": "bdc16654-81df-4c08-aa3c-6e7af9ebc2ed"
          },
          "type": "Scope"
        },
        "Terminate": {
          "runAfter": {
            "1-Create_Data_Connectors_List": [
              "Succeeded"
            ]
          },
          "metadata": {
            "operationMetadataId": "cda24dd7-01c3-4d06-b199-b6497dfc3537"
          },
          "type": "Terminate",
          "inputs": {
            "runStatus": "Succeeded"
          }
        },
        "1-Create_Data_Connectors_List": {
          "actions": {
            "ListName-DataConnectors": {
              "runAfter": {},
              "metadata": {
                "operationMetadataId": "b2e4e1a9-917d-494a-bd69-d90c8f403a33"
              },
              "type": "Compose",
              "inputs": "DataConnectors-DEMO"
            },
            "Parse_JSON_-_Data_Connectors_List": {
              "runAfter": {
                "ListName-DataConnectors": [
                  "Succeeded"
                ]
              },
              "metadata": {
                "operationMetadataId": "8b8a6fed-488c-4690-92bc-69b8845f99d5"
              },
              "type": "ParseJson",
              "inputs": {
                "content": {
                  "$schema": "https://developer.microsoft.com/json-schemas/sp/site-design-script-actions.schema.json",
                  "actions": [
                    {
                      "verb": "createSPList",
                      "listName": "[[LDataConnectors0001_listName]]",
                      "templateType": 100,
                      "color": "[[LDataConnectors0001_color]]",
                      "icon": "[[LDataConnectors0001_icon]]",
                      "addNavLink": "[[LDataConnectors0001_addNavLink]]",
                      "description": "[[LDataConnectors0001_description]]",
                      "identity": "LDataConnectors0001",
                      "subactions": [
                        {
                          "verb": "addSPFieldXml",
                          "schemaXml": "<Field ID=\"{fa564e0f-0c70-4ab9-b863-0177e6ddd247}\" Type=\"Text\" Name=\"Title\" DisplayName=\"Title\" Required=\"FALSE\" SourceID=\"http://schemas.microsoft.com/sharepoint/v3\" StaticName=\"Title\" FromBaseType=\"TRUE\" MaxLength=\"255\" />"
                        },
                        {
                          "verb": "addSPFieldXml",
                          "schemaXml": "<Field Description=\"The unique identifier of the connector.\" DisplayName=\"ConnectorID\" Format=\"Dropdown\" IsModern=\"TRUE\" MaxLength=\"255\" Name=\"ConnectorID\" Title=\"ConnectorID\" Type=\"Text\" ID=\"{62ffc9df-5d26-4d75-a657-dc1b5d7a851a}\" StaticName=\"ConnectorID\" />"
                        },
                        {
                          "verb": "addSPFieldXml",
                          "schemaXml": "<Field ClientSideComponentId=\"00000000-0000-0000-0000-000000000000\" CustomFormatter=\"{&quot;elmType&quot;:&quot;div&quot;,&quot;style&quot;:{&quot;flex-wrap&quot;:&quot;wrap&quot;,&quot;display&quot;:&quot;flex&quot;},&quot;children&quot;:[{&quot;elmType&quot;:&quot;div&quot;,&quot;style&quot;:{&quot;box-sizing&quot;:&quot;border-box&quot;,&quot;padding&quot;:&quot;4px 8px 5px 8px&quot;,&quot;overflow&quot;:&quot;hidden&quot;,&quot;text-overflow&quot;:&quot;ellipsis&quot;,&quot;display&quot;:&quot;flex&quot;,&quot;border-radius&quot;:&quot;16px&quot;,&quot;height&quot;:&quot;24px&quot;,&quot;align-items&quot;:&quot;center&quot;,&quot;white-space&quot;:&quot;nowrap&quot;,&quot;margin&quot;:&quot;4px 4px 4px 4px&quot;},&quot;attributes&quot;:{&quot;class&quot;:{&quot;operator&quot;:&quot;:&quot;,&quot;operands&quot;:[{&quot;operator&quot;:&quot;==&quot;,&quot;operands&quot;:[&quot;[$Tier]&quot;,&quot;Premium&quot;]},&quot;sp-css-backgroundColor-BgCornflowerBlue sp-css-color-CornflowerBlueFont&quot;,{&quot;operator&quot;:&quot;:&quot;,&quot;operands&quot;:[{&quot;operator&quot;:&quot;==&quot;,&quot;operands&quot;:[&quot;[$Tier]&quot;,&quot;Standard&quot;]},&quot;sp-css-backgroundColor-BgMintGreen sp-css-color-MintGreenFont&quot;,{&quot;operator&quot;:&quot;:&quot;,&quot;operands&quot;:[{&quot;operator&quot;:&quot;==&quot;,&quot;operands&quot;:[&quot;[$Tier]&quot;,&quot;&quot;]},&quot;&quot;,&quot;sp-field-borderAllRegular sp-field-borderAllSolid sp-css-borderColor-neutralSecondary&quot;]}]}]}},&quot;children&quot;:[{&quot;elmType&quot;:&quot;span&quot;,&quot;style&quot;:{&quot;overflow&quot;:&quot;hidden&quot;,&quot;text-overflow&quot;:&quot;ellipsis&quot;,&quot;padding&quot;:&quot;0 3px&quot;},&quot;txtContent&quot;:&quot;[$Tier]&quot;,&quot;attributes&quot;:{&quot;class&quot;:{&quot;operator&quot;:&quot;:&quot;,&quot;operands&quot;:[{&quot;operator&quot;:&quot;==&quot;,&quot;operands&quot;:[&quot;[$Tier]&quot;,&quot;Premium&quot;]},&quot;sp-css-color-CornflowerBlueFont&quot;,{&quot;operator&quot;:&quot;:&quot;,&quot;operands&quot;:[{&quot;operator&quot;:&quot;==&quot;,&quot;operands&quot;:[&quot;[$Tier]&quot;,&quot;Standard&quot;]},&quot;sp-css-color-MintGreenFont&quot;,{&quot;operator&quot;:&quot;:&quot;,&quot;operands&quot;:[{&quot;operator&quot;:&quot;==&quot;,&quot;operands&quot;:[&quot;[$Tier]&quot;,&quot;&quot;]},&quot;&quot;,&quot;&quot;]}]}]}}}]}],&quot;templateId&quot;:&quot;BgColorChoicePill&quot;}\" Description=\"Indicator if the connector requires a premium license.\" DisplayName=\"Tier\" FillInChoice=\"FALSE\" Format=\"Dropdown\" Name=\"Tier\" Title=\"Tier\" Type=\"Choice\" ID=\"{037dd5bd-7d90-48af-b89b-21611af6a411}\" StaticName=\"Tier\"><CHOICES><CHOICE>Premium</CHOICE><CHOICE>Standard</CHOICE></CHOICES></Field>"
                        },
                        {
                          "verb": "addSPFieldXml",
                          "schemaXml": "<Field Description=\"The Publisher of the connector.\" DisplayName=\"Publisher\" Format=\"Dropdown\" IsModern=\"TRUE\" MaxLength=\"255\" Name=\"Publisher\" Title=\"Publisher\" Type=\"Text\" ID=\"{130622e7-f65d-45b5-82a5-6199bd41d5ff}\" StaticName=\"Publisher\" />"
                        },
                        {
                          "verb": "addSPFieldXml",
                          "schemaXml": "<Field CustomFormatter=\"{&quot;elmType&quot;:&quot;div&quot;,&quot;style&quot;:{&quot;flex-wrap&quot;:&quot;wrap&quot;,&quot;display&quot;:&quot;flex&quot;},&quot;children&quot;:[{&quot;elmType&quot;:&quot;div&quot;,&quot;style&quot;:{&quot;box-sizing&quot;:&quot;border-box&quot;,&quot;padding&quot;:&quot;4px 8px 5px 8px&quot;,&quot;overflow&quot;:&quot;hidden&quot;,&quot;text-overflow&quot;:&quot;ellipsis&quot;,&quot;display&quot;:&quot;flex&quot;,&quot;border-radius&quot;:&quot;16px&quot;,&quot;height&quot;:&quot;24px&quot;,&quot;align-items&quot;:&quot;center&quot;,&quot;white-space&quot;:&quot;nowrap&quot;,&quot;margin&quot;:&quot;4px 4px 4px 4px&quot;},&quot;attributes&quot;:{&quot;class&quot;:{&quot;operator&quot;:&quot;:&quot;,&quot;operands&quot;:[{&quot;operator&quot;:&quot;==&quot;,&quot;operands&quot;:[&quot;@currentField&quot;,&quot;Preview&quot;]},&quot;sp-css-backgroundColor-BgCornflowerBlue sp-field-fontSizeSmall sp-css-color-CornflowerBlueFont&quot;,{&quot;operator&quot;:&quot;:&quot;,&quot;operands&quot;:[{&quot;operator&quot;:&quot;==&quot;,&quot;operands&quot;:[&quot;@currentField&quot;,&quot;Production&quot;]},&quot;sp-css-backgroundColor-BgMintGreen sp-field-fontSizeSmall sp-css-color-MintGreenFont&quot;,{&quot;operator&quot;:&quot;:&quot;,&quot;operands&quot;:[{&quot;operator&quot;:&quot;==&quot;,&quot;operands&quot;:[&quot;@currentField&quot;,&quot;&quot;]},&quot;&quot;,&quot;sp-field-borderAllRegular sp-field-borderAllSolid sp-css-borderColor-neutralSecondary&quot;]}]}]}},&quot;children&quot;:[{&quot;elmType&quot;:&quot;span&quot;,&quot;style&quot;:{&quot;overflow&quot;:&quot;hidden&quot;,&quot;text-overflow&quot;:&quot;ellipsis&quot;,&quot;padding&quot;:&quot;0 3px&quot;},&quot;txtContent&quot;:&quot;@currentField&quot;,&quot;attributes&quot;:{&quot;class&quot;:{&quot;operator&quot;:&quot;:&quot;,&quot;operands&quot;:[{&quot;operator&quot;:&quot;==&quot;,&quot;operands&quot;:[&quot;@currentField&quot;,&quot;Preview&quot;]},&quot;sp-field-fontSizeSmall sp-css-color-CornflowerBlueFont&quot;,{&quot;operator&quot;:&quot;:&quot;,&quot;operands&quot;:[{&quot;operator&quot;:&quot;==&quot;,&quot;operands&quot;:[&quot;@currentField&quot;,&quot;Production&quot;]},&quot;sp-field-fontSizeSmall sp-css-color-MintGreenFont&quot;,{&quot;operator&quot;:&quot;:&quot;,&quot;operands&quot;:[{&quot;operator&quot;:&quot;==&quot;,&quot;operands&quot;:[&quot;@currentField&quot;,&quot;&quot;]},&quot;&quot;,&quot;&quot;]}]}]}}}]}],&quot;templateId&quot;:&quot;BgColorChoicePill&quot;}\" Description=\"If the connector is in Production or Preview.\" DisplayName=\"ReleaseTag\" FillInChoice=\"FALSE\" Format=\"Dropdown\" IsModern=\"TRUE\" Name=\"ReleaseTag\" Title=\"ReleaseTag\" Type=\"Choice\" ID=\"{af402fef-02f4-4451-9942-f6bd49458eb2}\" StaticName=\"ReleaseTag\"><CHOICES><CHOICE>Preview</CHOICE><CHOICE>Production</CHOICE></CHOICES></Field>"
                        },
                        {
                          "verb": "addSPFieldXml",
                          "schemaXml": "<Field Description=\"The color of the icon.\" DisplayName=\"IconBrandColor\" Format=\"Dropdown\" IsModern=\"TRUE\" MaxLength=\"255\" Name=\"IconBrandColor\" Title=\"IconBrandColor\" Type=\"Text\" ID=\"{dd130ccd-7105-4f87-afc2-cc12f65422ea}\" StaticName=\"IconBrandColor\" />"
                        },
                        {
                          "verb": "addSPFieldXml",
                          "schemaXml": "<Field AppendOnly=\"FALSE\" Description=\"The icon Uri of the connector.\" DisplayName=\"IconUri\" Format=\"Dropdown\" IsModern=\"TRUE\" IsolateStyles=\"FALSE\" Name=\"IconUri\" RichText=\"FALSE\" RichTextMode=\"Compatible\" Title=\"IconUri\" Type=\"Note\" ID=\"{35b49697-8cd0-4dfe-be2f-3fc4ff8aba5b}\" StaticName=\"IconUri\" />"
                        },
                        {
                          "verb": "addSPFieldXml",
                          "schemaXml": "<Field AppendOnly=\"FALSE\" DisplayName=\"Description\" Format=\"Dropdown\" IsModern=\"TRUE\" IsolateStyles=\"FALSE\" Name=\"Description\" RichText=\"FALSE\" RichTextMode=\"Compatible\" Title=\"Description\" Type=\"Note\" ID=\"{5b5020ef-900a-4eda-87f5-0ea72b605305}\" StaticName=\"Description\" />"
                        },
                        {
                          "verb": "addSPFieldXml",
                          "schemaXml": "<Field DisplayName=\"CustomAPI\" Format=\"Dropdown\" IsModern=\"TRUE\" Name=\"CustomAPI\" Title=\"CustomAPI\" Type=\"Boolean\" ID=\"{fcf14a1b-35fa-4a27-af54-93e195092209}\" StaticName=\"CustomAPI\"><Default>0</Default></Field>"
                        },
                        {
                          "verb": "addSPFieldXml",
                          "schemaXml": "<Field ID=\"{82642ec8-ef9b-478f-acf9-31f7d45fbc31}\" ReadOnly=\"TRUE\" Type=\"Computed\" Name=\"LinkTitle\" DisplayName=\"Title\" DisplayNameSrcField=\"Title\" ClassInfo=\"Menu\" AuthoringInfo=\"(linked to item with edit menu)\" ListItemMenuAllowed=\"Required\" LinkToItemAllowed=\"Prohibited\" SourceID=\"http://schemas.microsoft.com/sharepoint/v3\" StaticName=\"LinkTitle\" FromBaseType=\"TRUE\"><FieldRefs><FieldRef Name=\"Title\" /><FieldRef Name=\"LinkTitleNoMenu\" /><FieldRef Name=\"_EditMenuTableStart2\" /><FieldRef Name=\"_EditMenuTableEnd\" /></FieldRefs><DisplayPattern><FieldSwitch><Expr><GetVar Name=\"FreeForm\" /></Expr><Case Value=\"TRUE\"><Field Name=\"LinkTitleNoMenu\" /></Case><Default><HTML><![CDATA[<div class=\"ms-vb itx\" onmouseover=\"OnItem(this)\" CTXName=\"ctx]]></HTML><Field Name=\"_EditMenuTableStart2\" /><HTML><![CDATA[\">]]></HTML><Field Name=\"LinkTitleNoMenu\" /><HTML><![CDATA[</div>]]></HTML><HTML><![CDATA[<div class=\"s4-ctx\" onmouseover=\"OnChildItem(this.parentNode); return false;\">]]></HTML><HTML><![CDATA[<span>&nbsp;</span>]]></HTML><HTML><![CDATA[<a onfocus=\"OnChildItem(this.parentNode.parentNode); return false;\" onclick=\"PopMenuFromChevron(event); return false;\" href=\"javascript:;\" title=\"Open Menu\"></a>]]></HTML><HTML><![CDATA[<span>&nbsp;</span>]]></HTML><HTML><![CDATA[</div>]]></HTML></Default></FieldSwitch></DisplayPattern></Field>"
                        },
                        {
                          "verb": "addContentType",
                          "name": "Item",
                          "id": "0x01",
                          "fieldRefsXml": [
                            "<FieldRef ID=\"{fa564e0f-0c70-4ab9-b863-0177e6ddd247}\" Name=\"Title\" />",
                            "<FieldRef ID=\"{82642ec8-ef9b-478f-acf9-31f7d45fbc31}\" Name=\"LinkTitle\" DisplayName=\"Title\" ReadOnly=\"TRUE\" />",
                            "<FieldRef ID=\"{62ffc9df-5d26-4d75-a657-dc1b5d7a851a}\" Name=\"ConnectorID\" />",
                            "<FieldRef ID=\"{037dd5bd-7d90-48af-b89b-21611af6a411}\" Name=\"Tier\" DisplayName=\"Tier\" Format=\"Dropdown\" />",
                            "<FieldRef ID=\"{130622e7-f65d-45b5-82a5-6199bd41d5ff}\" Name=\"Publisher\" />",
                            "<FieldRef ID=\"{af402fef-02f4-4451-9942-f6bd49458eb2}\" Name=\"ReleaseTag\" />",
                            "<FieldRef ID=\"{dd130ccd-7105-4f87-afc2-cc12f65422ea}\" Name=\"IconBrandColor\" />",
                            "<FieldRef ID=\"{35b49697-8cd0-4dfe-be2f-3fc4ff8aba5b}\" Name=\"IconUri\" />",
                            "<FieldRef ID=\"{5b5020ef-900a-4eda-87f5-0ea72b605305}\" Name=\"Description\" />",
                            "<FieldRef ID=\"{fcf14a1b-35fa-4a27-af54-93e195092209}\" Name=\"CustomAPI\" />"
                          ]
                        },
                        {
                          "verb": "addContentType",
                          "name": "Folder",
                          "id": "0x0120"
                        },
                        {
                          "verb": "addSPView",
                          "name": "All Items",
                          "viewFields": [
                            "LinkTitle",
                            "ConnectorID",
                            "Tier",
                            "Publisher",
                            "ReleaseTag",
                            "IconBrandColor",
                            "IconUri",
                            "Description",
                            "CustomAPI"
                          ],
                          "query": "",
                          "rowLimit": 30,
                          "isPaged": true,
                          "makeDefault": true,
                          "formatterJSON": "",
                          "replaceViewFields": true
                        }
                      ]
                    }
                  ],
                  "bindings": {
                    "LDataConnectors0001_listName": {
                      "source": "Input",
                      "defaultValue": "DataConnectors"
                    },
                    "LDataConnectors0001_icon": {
                      "source": "Input",
                      "defaultValue": "5"
                    },
                    "LDataConnectors0001_description": {
                      "source": "Input",
                      "defaultValue": "Power Automate and Power Apps data connectors"
                    },
                    "LDataConnectors0001_color": {
                      "source": "Input",
                      "defaultValue": "3"
                    },
                    "LDataConnectors0001_addNavLink": {
                      "source": "Input",
                      "defaultValue": "true"
                    }
                  }
                },
                "schema": {
                  "type": "object",
                  "properties": {
                    "$schema": {
                      "type": "string"
                    },
                    "actions": {
                      "type": "array",
                      "items": {
                        "type": "object",
                        "properties": {
                          "verb": {
                            "type": "string"
                          },
                          "listName": {
                            "type": "string"
                          },
                          "templateType": {
                            "type": "integer"
                          },
                          "color": {
                            "type": "string"
                          },
                          "icon": {
                            "type": "string"
                          },
                          "addNavLink": {
                            "type": "string"
                          },
                          "description": {
                            "type": "string"
                          },
                          "identity": {
                            "type": "string"
                          },
                          "subactions": {
                            "type": "array",
                            "items": {
                              "type": "object",
                              "properties": {
                                "verb": {
                                  "type": "string"
                                },
                                "schemaXml": {
                                  "type": "string"
                                },
                                "name": {
                                  "type": "string"
                                },
                                "id": {
                                  "type": "string"
                                },
                                "fieldRefsXml": {
                                  "type": "array",
                                  "items": {
                                    "type": "string"
                                  }
                                },
                                "viewFields": {
                                  "type": "array",
                                  "items": {
                                    "type": "string"
                                  }
                                },
                                "query": {
                                  "type": "string"
                                },
                                "rowLimit": {
                                  "type": "integer"
                                },
                                "isPaged": {
                                  "type": "boolean"
                                },
                                "makeDefault": {
                                  "type": "boolean"
                                },
                                "formatterJSON": {
                                  "type": "string"
                                },
                                "replaceViewFields": {
                                  "type": "boolean"
                                },
                                "columnWidthXml": {
                                  "type": "string"
                                }
                              },
                              "required": [
                                "verb"
                              ]
                            }
                          }
                        },
                        "required": [
                          "verb",
                          "listName",
                          "templateType",
                          "color",
                          "icon",
                          "addNavLink",
                          "description",
                          "identity",
                          "subactions"
                        ]
                      }
                    },
                    "bindings": {
                      "type": "object",
                      "properties": {
                        "LApprovals0001_listName": {
                          "type": "object",
                          "properties": {
                            "source": {
                              "type": "string"
                            },
                            "defaultValue": {
                              "type": "string"
                            }
                          }
                        },
                        "LApprovals0001_icon": {
                          "type": "object",
                          "properties": {
                            "source": {
                              "type": "string"
                            },
                            "defaultValue": {
                              "type": "string"
                            }
                          }
                        },
                        "LApprovals0001_description": {
                          "type": "object",
                          "properties": {
                            "source": {
                              "type": "string"
                            },
                            "defaultValue": {
                              "type": "string"
                            }
                          }
                        },
                        "LApprovals0001_color": {
                          "type": "object",
                          "properties": {
                            "source": {
                              "type": "string"
                            },
                            "defaultValue": {
                              "type": "string"
                            }
                          }
                        },
                        "LApprovals0001_addNavLink": {
                          "type": "object",
                          "properties": {
                            "source": {
                              "type": "string"
                            },
                            "defaultValue": {
                              "type": "string"
                            }
                          }
                        }
                      }
                    }
                  }
                }
              }
            },
            "CreateList-DataConnectors": {
              "runAfter": {
                "Parse_JSON_-_Data_Connectors_List": [
                  "Succeeded"
                ]
              },
              "metadata": {
                "operationMetadataId": "2c286d22-e5a8-42d8-a053-8e408c6e1ac6"
              },
              "type": "OpenApiConnection",
              "inputs": {
                "host": {
                  "connectionName": "shared_sharepointonline_1",
                  "operationId": "HttpRequest",
                  "apiId": "/providers/Microsoft.PowerApps/apis/shared_sharepointonline"
                },
                "parameters": {
                  "dataset": "@parameters('Get Data Connectors - Site (isa_GetDataConnectorsSite)')",
                  "parameters/method": "POST",
                  "parameters/uri": "_api/Microsoft.Sharepoint.Utilities.WebTemplateExtensions.SiteScriptUtility.ExecuteTemplateScript()",
                  "parameters/headers": {
                    "Aceept": "application/json;odata=verbose",
                    "Content-Type": "application/json;odata=verbose"
                  },
                  "parameters/body": "{\"script\": \"{\\\"actions\\\":[@{replace(replace(string(setProperty(setProperty(body('Parse_JSON_-_Data_Connectors_List')?['actions'][0],'listName',outputs('ListName-DataConnectors')),'addNavLink',false)),'\\','\\\\'),'\"','\\\"')}]}\"}"
                },
                "authentication": {
                  "type": "Raw",
                  "value": "@json(decodeBase64(triggerOutputs().headers['X-MS-APIM-Tokens']))['$ConnectionKey']"
                }
              }
            }
          },
          "runAfter": {},
          "metadata": {
            "operationMetadataId": "88f72211-a2bb-4480-9525-30080bfadf34"
          },
          "type": "Scope"
        },
        "3-Create_Apps_List": {
          "actions": {
            "ListName-Apps": {
              "runAfter": {},
              "metadata": {
                "operationMetadataId": "dd8cac7c-0de2-4fa8-a040-4ee7e26c609f"
              },
              "type": "Compose",
              "inputs": "Apps-DEMO"
            },
            "Parse_JSON_-_Apps_List": {
              "runAfter": {
                "ListName-Apps": [
                  "Succeeded"
                ]
              },
              "metadata": {
                "operationMetadataId": "b61841c9-4b90-48d5-9440-b8d439d0259d"
              },
              "type": "ParseJson",
              "inputs": {
                "content": {
                  "$schema": "https://developer.microsoft.com/json-schemas/sp/site-design-script-actions.schema.json",
                  "actions": [
                    {
                      "verb": "createSPList",
                      "listName": "[[LApps_TEST0001_listName]]",
                      "templateType": 100,
                      "color": "[[LApps_TEST0001_color]]",
                      "icon": "[[LApps_TEST0001_icon]]",
                      "addNavLink": "[[LApps_TEST0001_addNavLink]]",
                      "description": "[[LApps_TEST0001_description]]",
                      "identity": "LApps_TEST0001",
                      "subactions": [
                        {
                          "verb": "addSPFieldXml",
                          "schemaXml": "<Field ID=\"{fa564e0f-0c70-4ab9-b863-0177e6ddd247}\" Type=\"Text\" Name=\"Title\" DisplayName=\"Title\" Required=\"FALSE\" SourceID=\"http://schemas.microsoft.com/sharepoint/v3\" StaticName=\"Title\" FromBaseType=\"TRUE\" MaxLength=\"255\" />"
                        },
                        {
                          "verb": "addSPFieldXml",
                          "schemaXml": "<Field DisplayName=\"AppID\" Format=\"Dropdown\" IsModern=\"TRUE\" MaxLength=\"255\" Name=\"AppID\" Title=\"AppID\" Type=\"Text\" ID=\"{32bc5b07-55f8-418a-8580-88b5c78a5e8e}\" StaticName=\"AppID\" />"
                        },
                        {
                          "verb": "addSPFieldXml",
                          "schemaXml": "<Field CustomFormatter=\"{&quot;elmType&quot;:&quot;div&quot;,&quot;style&quot;:{&quot;flex-wrap&quot;:&quot;wrap&quot;,&quot;display&quot;:&quot;flex&quot;},&quot;children&quot;:[{&quot;elmType&quot;:&quot;div&quot;,&quot;style&quot;:{&quot;box-sizing&quot;:&quot;border-box&quot;,&quot;padding&quot;:&quot;4px 8px 5px 8px&quot;,&quot;overflow&quot;:&quot;hidden&quot;,&quot;text-overflow&quot;:&quot;ellipsis&quot;,&quot;display&quot;:&quot;flex&quot;,&quot;border-radius&quot;:&quot;16px&quot;,&quot;height&quot;:&quot;24px&quot;,&quot;align-items&quot;:&quot;center&quot;,&quot;white-space&quot;:&quot;nowrap&quot;,&quot;margin&quot;:&quot;4px 4px 4px 4px&quot;},&quot;attributes&quot;:{&quot;class&quot;:{&quot;operator&quot;:&quot;:&quot;,&quot;operands&quot;:[{&quot;operator&quot;:&quot;==&quot;,&quot;operands&quot;:[&quot;@currentField&quot;,&quot;Choice 1&quot;]},&quot;sp-css-backgroundColor-BgCornflowerBlue sp-field-fontSizeSmall sp-css-color-CornflowerBlueFont&quot;,{&quot;operator&quot;:&quot;:&quot;,&quot;operands&quot;:[{&quot;operator&quot;:&quot;==&quot;,&quot;operands&quot;:[&quot;@currentField&quot;,&quot;&quot;]},&quot;&quot;,&quot;sp-field-borderAllRegular sp-field-borderAllSolid sp-css-borderColor-neutralSecondary&quot;]}]}},&quot;children&quot;:[{&quot;elmType&quot;:&quot;span&quot;,&quot;style&quot;:{&quot;overflow&quot;:&quot;hidden&quot;,&quot;text-overflow&quot;:&quot;ellipsis&quot;,&quot;padding&quot;:&quot;0 3px&quot;},&quot;txtContent&quot;:&quot;@currentField&quot;,&quot;attributes&quot;:{&quot;class&quot;:{&quot;operator&quot;:&quot;:&quot;,&quot;operands&quot;:[{&quot;operator&quot;:&quot;==&quot;,&quot;operands&quot;:[&quot;@currentField&quot;,&quot;Choice 1&quot;]},&quot;sp-field-fontSizeSmall sp-css-color-CornflowerBlueFont&quot;,{&quot;operator&quot;:&quot;:&quot;,&quot;operands&quot;:[{&quot;operator&quot;:&quot;==&quot;,&quot;operands&quot;:[&quot;@currentField&quot;,&quot;&quot;]},&quot;&quot;,&quot;&quot;]}]}}}]}],&quot;templateId&quot;:&quot;BgColorChoicePill&quot;}\" Description=\"Environment ID of the app\" DisplayName=\"EnvironmentID\" FillInChoice=\"FALSE\" Format=\"Dropdown\" IsModern=\"TRUE\" Name=\"EnvironmentID\" Title=\"EnvironmentID\" Type=\"Choice\" ID=\"{a346d7cc-9d42-4350-975c-673ebe12f6b6}\" StaticName=\"EnvironmentID\"><CHOICES><CHOICE>Choice 1</CHOICE></CHOICES></Field>"
                        },
                        {
                          "verb": "addSPFieldXml",
                          "schemaXml": "<Field CustomFormatter=\"{&quot;elmType&quot;:&quot;div&quot;,&quot;style&quot;:{&quot;flex-wrap&quot;:&quot;wrap&quot;,&quot;display&quot;:&quot;flex&quot;},&quot;children&quot;:[{&quot;elmType&quot;:&quot;div&quot;,&quot;style&quot;:{&quot;box-sizing&quot;:&quot;border-box&quot;,&quot;padding&quot;:&quot;4px 8px 5px 8px&quot;,&quot;overflow&quot;:&quot;hidden&quot;,&quot;text-overflow&quot;:&quot;ellipsis&quot;,&quot;display&quot;:&quot;flex&quot;,&quot;border-radius&quot;:&quot;16px&quot;,&quot;height&quot;:&quot;24px&quot;,&quot;align-items&quot;:&quot;center&quot;,&quot;white-space&quot;:&quot;nowrap&quot;,&quot;margin&quot;:&quot;4px 4px 4px 4px&quot;},&quot;attributes&quot;:{&quot;class&quot;:{&quot;operator&quot;:&quot;:&quot;,&quot;operands&quot;:[{&quot;operator&quot;:&quot;==&quot;,&quot;operands&quot;:[&quot;@currentField&quot;,&quot;Choice 1&quot;]},&quot;sp-css-backgroundColor-BgCornflowerBlue sp-field-fontSizeSmall sp-css-color-CornflowerBlueFont&quot;,{&quot;operator&quot;:&quot;:&quot;,&quot;operands&quot;:[{&quot;operator&quot;:&quot;==&quot;,&quot;operands&quot;:[&quot;@currentField&quot;,&quot;&quot;]},&quot;&quot;,&quot;sp-field-borderAllRegular sp-field-borderAllSolid sp-css-borderColor-neutralSecondary&quot;]}]}},&quot;children&quot;:[{&quot;elmType&quot;:&quot;span&quot;,&quot;style&quot;:{&quot;overflow&quot;:&quot;hidden&quot;,&quot;text-overflow&quot;:&quot;ellipsis&quot;,&quot;padding&quot;:&quot;0 3px&quot;},&quot;txtContent&quot;:&quot;@currentField&quot;,&quot;attributes&quot;:{&quot;class&quot;:{&quot;operator&quot;:&quot;:&quot;,&quot;operands&quot;:[{&quot;operator&quot;:&quot;==&quot;,&quot;operands&quot;:[&quot;@currentField&quot;,&quot;Choice 1&quot;]},&quot;sp-field-fontSizeSmall sp-css-color-CornflowerBlueFont&quot;,{&quot;operator&quot;:&quot;:&quot;,&quot;operands&quot;:[{&quot;operator&quot;:&quot;==&quot;,&quot;operands&quot;:[&quot;@currentField&quot;,&quot;&quot;]},&quot;&quot;,&quot;&quot;]}]}}}]}],&quot;templateId&quot;:&quot;BgColorChoicePill&quot;}\" DisplayName=\"EnvironmentName\" FillInChoice=\"FALSE\" Format=\"Dropdown\" IsModern=\"TRUE\" Name=\"EnvironmentName\" Title=\"EnvironmentName\" Type=\"Choice\" ID=\"{5cb2ec9d-ebe6-492d-ba4b-24baa7745cc7}\" StaticName=\"EnvironmentName\"><CHOICES><CHOICE>Choice 1</CHOICE></CHOICES></Field>"
                        },
                        {
                          "verb": "addSPFieldXml",
                          "schemaXml": "<Field AppendOnly=\"FALSE\" Description=\"The description of the Power App.\" DisplayName=\"Description\" Format=\"Dropdown\" IsModern=\"TRUE\" IsolateStyles=\"FALSE\" Name=\"Description\" RichText=\"FALSE\" RichTextMode=\"Compatible\" Title=\"Description\" Type=\"Note\" ID=\"{0c2c1730-0913-440b-a730-10aeeb9e9107}\" StaticName=\"Description\" />"
                        },
                        {
                          "verb": "addSPFieldXml",
                          "schemaXml": "<Field Description=\"The owner of the Power App.\" DisplayName=\"Owner\" Format=\"Dropdown\" IsModern=\"TRUE\" List=\"UserInfo\" Name=\"Owner\" Title=\"Owner\" Type=\"User\" UserSelectionMode=\"0\" UserSelectionScope=\"0\" ID=\"{c7c76b53-457c-4792-a7ca-680f1e1685cf}\" StaticName=\"Owner\" />"
                        },
                        {
                          "verb": "addSPFieldXml",
                          "schemaXml": "<Field DisplayName=\"CreatedDate\" FriendlyDisplayFormat=\"Disabled\" Format=\"DateOnly\" IsModern=\"TRUE\" Name=\"CreatedDate\" Title=\"CreatedDate\" Type=\"DateTime\" ID=\"{a904b86b-d1c2-4e2f-88e8-537a7620873a}\" StaticName=\"CreatedDate\" />"
                        },
                        {
                          "verb": "addSPFieldXml",
                          "schemaXml": "<Field Description=\"The date of the flow was last modified.\" DisplayName=\"LastModifiedDate\" FriendlyDisplayFormat=\"Disabled\" Format=\"DateOnly\" IsModern=\"TRUE\" Name=\"LastModifiedDate\" Title=\"LastModifiedDate\" Type=\"DateTime\" ID=\"{7b8e51eb-8680-4091-9b44-315bc9bbf406}\" StaticName=\"LastModifiedDate\" />"
                        },
                        {
                          "verb": "addSPFieldXml",
                          "schemaXml": "<Field ID=\"{82642ec8-ef9b-478f-acf9-31f7d45fbc31}\" DisplayName=\"Title\" Description=\"\" Name=\"LinkTitle\" SourceID=\"http://schemas.microsoft.com/sharepoint/v3\" StaticName=\"LinkTitle\" Type=\"Computed\" ReadOnly=\"TRUE\" FromBaseType=\"TRUE\" Width=\"150\" DisplayNameSrcField=\"Title\" Sealed=\"FALSE\"><FieldRefs><FieldRef Name=\"Title\" /><FieldRef Name=\"LinkTitleNoMenu\" /><FieldRef Name=\"_EditMenuTableStart2\" /><FieldRef Name=\"_EditMenuTableEnd\" /></FieldRefs><DisplayPattern><FieldSwitch><Expr><GetVar Name=\"FreeForm\" /></Expr><Case Value=\"TRUE\"><Field Name=\"LinkTitleNoMenu\" /></Case><Default><HTML><![CDATA[<div class=\"ms-vb itx\" onmouseover=\"OnItem(this)\" CTXName=\"ctx]]></HTML><Field Name=\"_EditMenuTableStart2\" /><HTML><![CDATA[\">]]></HTML><Field Name=\"LinkTitleNoMenu\" /><HTML><![CDATA[</div>]]></HTML><HTML><![CDATA[<div class=\"s4-ctx\" onmouseover=\"OnChildItem(this.parentNode); return false;\">]]></HTML><HTML><![CDATA[<span>&nbsp;</span>]]></HTML><HTML><![CDATA[<a onfocus=\"OnChildItem(this.parentNode.parentNode); return false;\" onclick=\"PopMenuFromChevron(event); return false;\" href=\"javascript:;\" title=\"Open Menu\"></a>]]></HTML><HTML><![CDATA[<span>&nbsp;</span>]]></HTML><HTML><![CDATA[</div>]]></HTML></Default></FieldSwitch></DisplayPattern></Field>"
                        },
                        {
                          "verb": "addContentType",
                          "name": "Item",
                          "id": "0x01",
                          "fieldRefsXml": [
                            "<FieldRef ID=\"{fa564e0f-0c70-4ab9-b863-0177e6ddd247}\" Name=\"Title\" />",
                            "<FieldRef ID=\"{82642ec8-ef9b-478f-acf9-31f7d45fbc31}\" Name=\"LinkTitle\" DisplayName=\"Title\" ReadOnly=\"TRUE\" />",
                            "<FieldRef ID=\"{32bc5b07-55f8-418a-8580-88b5c78a5e8e}\" Name=\"AppID\" />",
                            "<FieldRef ID=\"{a346d7cc-9d42-4350-975c-673ebe12f6b6}\" Name=\"EnvironmentID\" />",
                            "<FieldRef ID=\"{5cb2ec9d-ebe6-492d-ba4b-24baa7745cc7}\" Name=\"EnvironmentName\" />",
                            "<FieldRef ID=\"{0c2c1730-0913-440b-a730-10aeeb9e9107}\" Name=\"Description\" />",
                            "<FieldRef ID=\"{c7c76b53-457c-4792-a7ca-680f1e1685cf}\" Name=\"Owner\" />",
                            "<FieldRef ID=\"{a904b86b-d1c2-4e2f-88e8-537a7620873a}\" Name=\"CreatedDate\" />",
                            "<FieldRef ID=\"{7b8e51eb-8680-4091-9b44-315bc9bbf406}\" Name=\"LastModifiedDate\" />"
                          ]
                        },
                        {
                          "verb": "addContentType",
                          "name": "Folder",
                          "id": "0x0120"
                        },
                        {
                          "verb": "addSPView",
                          "name": "All Items",
                          "viewFields": [
                            "LinkTitle",
                            "AppID",
                            "EnvironmentID",
                            "EnvironmentName",
                            "Description",
                            "Owner",
                            "CreatedDate",
                            "LastModifiedDate"
                          ],
                          "query": "",
                          "rowLimit": 30,
                          "isPaged": true,
                          "makeDefault": true,
                          "formatterJSON": "",
                          "replaceViewFields": true
                        }
                      ]
                    }
                  ],
                  "bindings": {
                    "LApps_TEST0001_listName": {
                      "source": "Input",
                      "defaultValue": "Apps-TEST"
                    },
                    "LApps_TEST0001_icon": {
                      "source": "Input",
                      "defaultValue": "5"
                    },
                    "LApps_TEST0001_description": {
                      "source": "Input",
                      "defaultValue": ""
                    },
                    "LApps_TEST0001_color": {
                      "source": "Input",
                      "defaultValue": "6"
                    },
                    "LApps_TEST0001_addNavLink": {
                      "source": "Input",
                      "defaultValue": "false"
                    }
                  }
                },
                "schema": {
                  "type": "object",
                  "properties": {
                    "$schema": {
                      "type": "string"
                    },
                    "actions": {
                      "type": "array",
                      "items": {
                        "type": "object",
                        "properties": {
                          "verb": {
                            "type": "string"
                          },
                          "listName": {
                            "type": "string"
                          },
                          "templateType": {
                            "type": "integer"
                          },
                          "color": {
                            "type": "string"
                          },
                          "icon": {
                            "type": "string"
                          },
                          "addNavLink": {
                            "type": "string"
                          },
                          "description": {
                            "type": "string"
                          },
                          "identity": {
                            "type": "string"
                          },
                          "subactions": {
                            "type": "array",
                            "items": {
                              "type": "object",
                              "properties": {
                                "verb": {
                                  "type": "string"
                                },
                                "schemaXml": {
                                  "type": "string"
                                },
                                "name": {
                                  "type": "string"
                                },
                                "id": {
                                  "type": "string"
                                },
                                "fieldRefsXml": {
                                  "type": "array",
                                  "items": {
                                    "type": "string"
                                  }
                                },
                                "viewFields": {
                                  "type": "array",
                                  "items": {
                                    "type": "string"
                                  }
                                },
                                "query": {
                                  "type": "string"
                                },
                                "rowLimit": {
                                  "type": "integer"
                                },
                                "isPaged": {
                                  "type": "boolean"
                                },
                                "makeDefault": {
                                  "type": "boolean"
                                },
                                "formatterJSON": {
                                  "type": "string"
                                },
                                "replaceViewFields": {
                                  "type": "boolean"
                                },
                                "columnWidthXml": {
                                  "type": "string"
                                }
                              },
                              "required": [
                                "verb"
                              ]
                            }
                          }
                        },
                        "required": [
                          "verb",
                          "listName",
                          "templateType",
                          "color",
                          "icon",
                          "addNavLink",
                          "description",
                          "identity",
                          "subactions"
                        ]
                      }
                    },
                    "bindings": {
                      "type": "object",
                      "properties": {
                        "LApprovals0001_listName": {
                          "type": "object",
                          "properties": {
                            "source": {
                              "type": "string"
                            },
                            "defaultValue": {
                              "type": "string"
                            }
                          }
                        },
                        "LApprovals0001_icon": {
                          "type": "object",
                          "properties": {
                            "source": {
                              "type": "string"
                            },
                            "defaultValue": {
                              "type": "string"
                            }
                          }
                        },
                        "LApprovals0001_description": {
                          "type": "object",
                          "properties": {
                            "source": {
                              "type": "string"
                            },
                            "defaultValue": {
                              "type": "string"
                            }
                          }
                        },
                        "LApprovals0001_color": {
                          "type": "object",
                          "properties": {
                            "source": {
                              "type": "string"
                            },
                            "defaultValue": {
                              "type": "string"
                            }
                          }
                        },
                        "LApprovals0001_addNavLink": {
                          "type": "object",
                          "properties": {
                            "source": {
                              "type": "string"
                            },
                            "defaultValue": {
                              "type": "string"
                            }
                          }
                        }
                      }
                    }
                  }
                }
              }
            },
            "CreateList-Apps": {
              "runAfter": {
                "Parse_JSON_-_Apps_List": [
                  "Succeeded"
                ]
              },
              "metadata": {
                "operationMetadataId": "2c286d22-e5a8-42d8-a053-8e408c6e1ac6"
              },
              "type": "OpenApiConnection",
              "inputs": {
                "host": {
                  "connectionName": "shared_sharepointonline_1",
                  "operationId": "HttpRequest",
                  "apiId": "/providers/Microsoft.PowerApps/apis/shared_sharepointonline"
                },
                "parameters": {
                  "dataset": "@parameters('Get Data Connectors - Site (isa_GetDataConnectorsSite)')",
                  "parameters/method": "POST",
                  "parameters/uri": "_api/Microsoft.Sharepoint.Utilities.WebTemplateExtensions.SiteScriptUtility.ExecuteTemplateScript()",
                  "parameters/headers": {
                    "Aceept": "application/json;odata=verbose",
                    "Content-Type": "application/json;odata=verbose"
                  },
                  "parameters/body": "{\"script\": \"{\\\"actions\\\":[@{replace(replace(string(setProperty(setProperty(body('Parse_JSON_-_Apps_List')?['actions'][0], 'listName', outputs('ListName-Apps')), 'addNavLink', false)), '\\', '\\\\'), '\"', '\\\"')}]}\"}"
                },
                "authentication": {
                  "type": "Raw",
                  "value": "@json(decodeBase64(triggerOutputs().headers['X-MS-APIM-Tokens']))['$ConnectionKey']"
                }
              }
            }
          },
          "runAfter": {
            "2-Create_Flows_List": [
              "Succeeded"
            ]
          },
          "metadata": {
            "operationMetadataId": "d44bdb79-ce07-4e4d-803d-d6f9fdb2e2c3"
          },
          "type": "Scope"
        }
      }
    },
    "templateName": ""
  },
  "schemaVersion": "1.0.0.0"
}