{
  "properties": {
    "connectionReferences": {
      "shared_flowmanagement_2": {
        "runtimeSource": "invoker",
        "connection": {
          "connectionReferenceLogicalName": "isa_GetDataConnectorsPowerAutomateManagement"
        },
        "api": {
          "name": "shared_flowmanagement"
        }
      },
      "shared_powerappsforappmakers_1": {
        "runtimeSource": "invoker",
        "connection": {
          "connectionReferenceLogicalName": "isa_GetDataConnectorsPowerAppsforMakers"
        },
        "api": {
          "name": "shared_powerappsforappmakers"
        }
      },
      "shared_powerappsforadmins": {
        "runtimeSource": "invoker",
        "connection": {
          "connectionReferenceLogicalName": "isa_GetDataConnectorsPowerAppsforAdmins"
        },
        "api": {
          "name": "shared_powerappsforadmins"
        }
      },
      "shared_sharepointonline_2": {
        "runtimeSource": "invoker",
        "connection": {
          "connectionReferenceLogicalName": "isa_GetDataConnectorsSharePoint"
        },
        "api": {
          "name": "shared_sharepointonline"
        }
      }
    },
    "definition": {
      "$schema": "https://schema.management.azure.com/providers/Microsoft.Logic/schemas/2016-06-01/workflowdefinition.json#",
      "contentVersion": "1.0.0.0",
      "parameters": {
        "$connections": {
          "defaultValue": {},
          "type": "Object"
        },
        "$authentication": {
          "defaultValue": {},
          "type": "SecureObject"
        },
        "Get Data Connectors - Site (isa_GetDataConnectorsSite)": {
          "defaultValue": "https://designcodev.sharepoint.com/sites/Demos",
          "type": "String",
          "metadata": {
            "schemaName": "isa_GetDataConnectorsSite",
            "description": "The site collection of the data connectors list."
          }
        },
        "Get Data Connectors -  Connectors List (isa_GetDataConnectorsConnectorsList)": {
          "defaultValue": "84672eca-099f-4661-8026-596ac4159d05",
          "type": "String",
          "metadata": {
            "schemaName": "isa_GetDataConnectorsConnectorsList",
            "description": "Data Connectors List"
          }
        },
        "Get Data Connectors -  Send Error Email To (isa_GetDataConnectorsSendErrorEmailTo)": {
          "defaultValue": "isabel.liu@quisitive.com",
          "type": "String",
          "metadata": {
            "schemaName": "isa_GetDataConnectorsSendErrorEmailTo",
            "description": "When a flow error out, it will send an email to these users."
          }
        },
        "Get Data Connectors - Flows List (isa_GetDataConnectorsFlowsList)": {
          "defaultValue": "f343e16d-106a-4ed2-a499-6951ff9bfe1e",
          "type": "String",
          "metadata": {
            "schemaName": "isa_GetDataConnectorsFlowsList"
          }
        }
      },
      "triggers": {
        "manual": {
          "metadata": {
            "operationMetadataId": "f9279d65-4b6e-4b77-a45d-f8d5fc5b85f3"
          },
          "type": "Request",
          "kind": "Button",
          "inputs": {
            "schema": {
              "type": "object",
              "properties": {},
              "required": []
            }
          }
        }
      },
      "actions": {
        "const": {
          "runAfter": {},
          "metadata": {
            "operationMetadataId": "fcabf536-bb85-45b4-a47e-4b8277425b8b"
          },
          "type": "ParseJson",
          "inputs": {
            "content": {
              "DefaultEnvironmentID": "Default-3567fec0-c2ba-4cb9-8c9f-0d832a6a9e95",
              "SiteURL": "@{parameters('Get Data Connectors - Site (isa_GetDataConnectorsSite)')}",
              "FlowListID": "@{parameters('Get Data Connectors - Flows List (isa_GetDataConnectorsFlowsList)')}",
              "DataConnectorsListID": "@{parameters('Get Data Connectors -  Connectors List (isa_GetDataConnectorsConnectorsList)')}",
              "SendErrEmailTo": "@{parameters('Get Data Connectors -  Send Error Email To (isa_GetDataConnectorsSendErrorEmailTo)')}",
              "ErrEmailSubject": "Error Detected - @{workflow()?['tags/flowDisplayName']} @{convertFromUtc(utcNow(), 'Central Standard Time', 'g')}",
              "FlowRunLink": "<a href='@{concat('https://make.powerautomate.com/environments/', workflow().tags.environmentName, '/flows/', workflow().name, '/runs/', workflow().run.name)}'>Open flow run</a>",
              "ChangeSetID": "@{guid()}",
              "BatchID": "@{guid()}"
            },
            "schema": {
              "type": "object",
              "properties": {
                "DefaultEnvironmentID": {
                  "type": "string"
                },
                "SiteURL": {
                  "type": "string"
                },
                "FlowListID": {
                  "type": "string"
                },
                "DataConnectorsListID": {
                  "type": "string"
                },
                "SendErrEmailTo": {
                  "type": "string"
                },
                "ErrEmailSubject": {
                  "type": "string"
                },
                "FlowRunLink": {
                  "type": "string"
                },
                "ChangeSetID": {
                  "type": "string"
                },
                "BatchID": {
                  "type": "string"
                }
              }
            }
          }
        },
        "Initialize_variable_-_vErrorItems": {
          "runAfter": {
            "const": [
              "Succeeded"
            ]
          },
          "metadata": {
            "operationMetadataId": "6f1cd2a9-bd10-4ca9-b2ac-01022a140067"
          },
          "type": "InitializeVariable",
          "inputs": {
            "variables": [
              {
                "name": "vErrorItems",
                "type": "array"
              }
            ]
          }
        },
        "Initialize_variable_-_vConnectorsTemp": {
          "runAfter": {
            "Initialize_variable_-_vErrorItems": [
              "Succeeded"
            ]
          },
          "metadata": {
            "operationMetadataId": "da749b5b-0a84-4b2d-9c9c-0b6d9f68da05"
          },
          "type": "InitializeVariable",
          "inputs": {
            "variables": [
              {
                "name": "vConnectorsTemp",
                "type": "array"
              }
            ]
          }
        },
        "Initialize_variable_-_vCustomConnectors": {
          "runAfter": {
            "Initialize_variable_-_vConnectorsTemp": [
              "Succeeded"
            ]
          },
          "metadata": {
            "operationMetadataId": "da749b5b-0a84-4b2d-9c9c-0b6d9f68da05"
          },
          "type": "InitializeVariable",
          "inputs": {
            "variables": [
              {
                "name": "vCustomConnectors",
                "type": "array"
              }
            ]
          }
        },
        "0-Get-Connector-Details": {
          "actions": {
            "ConnectorItems-Default": {
              "runAfter": {
                "List_Connectors-Default": [
                  "Succeeded"
                ]
              },
              "metadata": {
                "operationMetadataId": "407feee9-e14f-491f-b98e-8451c49aff96"
              },
              "type": "Select",
              "inputs": {
                "from": "@outputs('List_Connectors-Default')?['body/value']",
                "select": {
                  "Title": "@item()?['properties']?['displayName']",
                  "IconUri": "@item()?['properties']?['iconUri']",
                  "IconBrandColor": "@item()?['properties']?['iconBrandColor']",
                  "Tier": "@item()['properties']['tier']",
                  "Publisher": "@item()['properties']['publisher']",
                  "ConnectorID": "@item()?['Name']",
                  "ReleaseTag": "@item()?['properties']?['releaseTag']",
                  "Description": "@item()?['properties/description']",
                  "CustomAPI": "@item()?['properties/isCustomApi']"
                }
              }
            },
            "Special-Connectors": {
              "runAfter": {
                "ConnectorItems-Default": [
                  "Succeeded"
                ]
              },
              "metadata": {
                "operationMetadataId": "65659dec-c9e8-4f32-b0f7-580206b1465e"
              },
              "type": "Compose",
              "inputs": [
                {
                  "Title": "HTTP",
                  "IconUri": "https://content.powerapps.com/resource/makerx/static/pauto/images/designeroperations/http.a0aaded8.png",
                  "IconBrandColor": "#709727",
                  "Tier": "Premium",
                  "Publisher": "",
                  "ConnectorID": "Http",
                  "Description": "Choose a REST API to invoke.",
                  "ReleaseTag": "Production"
                },
                {
                  "Title": "HTTP + Swagger",
                  "IconUri": "https://content.powerapps.com/resource/makerx/static/pauto/images/designeroperations/httpswagger.a5010a33.png",
                  "IconBrandColor": "#709727",
                  "Tier": "Premium",
                  "Publisher": "",
                  "ConnectorID": "HTTP+Swagger",
                  "Description": "Choose a Swagger-enabled API to invoke.",
                  "ReleaseTag": "Production"
                },
                {
                  "Title": "HTTP Webnook",
                  "IconUri": "https://content.powerapps.com/resource/makerx/static/pauto/images/designeroperations/httpwebhook.43d82771.png",
                  "IconBrandColor": "#709727",
                  "Tier": "Premium",
                  "Publisher": "",
                  "ConnectorID": "HTTPWebnook",
                  "Description": "Create a custom HTTP callback to occur when something happens.",
                  "ReleaseTag": "Production"
                },
                {
                  "Title": "HTTP Request",
                  "IconUri": "https://content.powerapps.com/resource/makerx/static/pauto/images/designeroperations/request.1cff129c.png",
                  "IconBrandColor": "#009DA5",
                  "Tier": "Premium",
                  "Publisher": "",
                  "ConnectorID": "HTTPRequest",
                  "Description": "This is an incoming API call that could use actions in a Logic App or other API to trigger this flow.",
                  "ReleaseTag": "Production"
                }
              ]
            },
            "Connectors-Default-All": {
              "runAfter": {
                "Special-Connectors": [
                  "Succeeded"
                ]
              },
              "metadata": {
                "operationMetadataId": "a621e034-ec2b-4ab7-beab-560e1e68bab4"
              },
              "type": "Compose",
              "inputs": "@union(outputs('Special-Connectors'), body('ConnectorItems-Default'))"
            },
            "List_Connectors-Default": {
              "runAfter": {},
              "metadata": {
                "operationMetadataId": "319e28db-812f-4011-ad6d-06adac49f622"
              },
              "type": "OpenApiConnection",
              "inputs": {
                "host": {
                  "connectionName": "shared_flowmanagement_2",
                  "operationId": "ListApis",
                  "apiId": "/providers/Microsoft.PowerApps/apis/shared_flowmanagement"
                },
                "parameters": {
                  "environmentName": "@body('const')?['DefaultEnvironmentID']"
                },
                "authentication": {
                  "type": "Raw",
                  "value": "@json(decodeBase64(triggerOutputs().headers['X-MS-APIM-Tokens']))['$ConnectionKey']"
                }
              }
            },
            "Find_Connectors_from_other_environments": {
              "actions": {
                "Get_Environments": {
                  "runAfter": {},
                  "metadata": {
                    "operationMetadataId": "ee733f81-588b-4158-9b00-7d733b29dbec"
                  },
                  "type": "OpenApiConnection",
                  "inputs": {
                    "host": {
                      "connectionName": "shared_powerappsforappmakers_1",
                      "operationId": "Get-Environments",
                      "apiId": "/providers/Microsoft.PowerApps/apis/shared_powerappsforappmakers"
                    },
                    "parameters": {
                      "api-version": "2022-11-01",
                      "$top": 250
                    },
                    "authentication": {
                      "type": "Raw",
                      "value": "@json(decodeBase64(triggerOutputs().headers['X-MS-APIM-Tokens']))['$ConnectionKey']"
                    }
                  }
                },
                "ForEachEnvironment": {
                  "foreach": "@outputs('Get_Environments')?['body/value']",
                  "actions": {
                    "List_Connectors": {
                      "runAfter": {},
                      "metadata": {
                        "operationMetadataId": "6da04a7d-1444-4693-9d79-acfb14ae729a"
                      },
                      "type": "OpenApiConnection",
                      "inputs": {
                        "host": {
                          "connectionName": "shared_flowmanagement_2",
                          "operationId": "ListApis",
                          "apiId": "/providers/Microsoft.PowerApps/apis/shared_flowmanagement"
                        },
                        "parameters": {
                          "environmentName": "@item()?['name']"
                        },
                        "authentication": {
                          "type": "Raw",
                          "value": "@json(decodeBase64(triggerOutputs().headers['X-MS-APIM-Tokens']))['$ConnectionKey']"
                        }
                      }
                    },
                    "Get_Custom_Connectors_as_Admin": {
                      "runAfter": {
                        "is_there_more_connectors_than_default_environment": [
                          "Succeeded"
                        ]
                      },
                      "metadata": {
                        "operationMetadataId": "f027965d-7b7d-4f49-b1d1-83b8dc19ddb8"
                      },
                      "type": "OpenApiConnection",
                      "inputs": {
                        "host": {
                          "connectionName": "shared_powerappsforadmins",
                          "operationId": "Get-AdminConnectors",
                          "apiId": "/providers/Microsoft.PowerApps/apis/shared_powerappsforadmins"
                        },
                        "parameters": {
                          "environment": "@item()?['name']",
                          "api-version": "2017-05-01",
                          "$top": 250
                        },
                        "authentication": {
                          "type": "Raw",
                          "value": "@json(decodeBase64(triggerOutputs().headers['X-MS-APIM-Tokens']))['$ConnectionKey']"
                        }
                      }
                    },
                    "There_is_custom_connectors": {
                      "actions": {
                        "Append_to_array_variable_-_vCustomConnectors": {
                          "runAfter": {},
                          "metadata": {
                            "operationMetadataId": "bb038ded-d2c4-4dce-b7d4-aba961f00e7d"
                          },
                          "type": "AppendToArrayVariable",
                          "inputs": {
                            "name": "vCustomConnectors",
                            "value": "@string(outputs('Get_Custom_Connectors_as_Admin')?['body/value'])"
                          }
                        }
                      },
                      "runAfter": {
                        "Get_Custom_Connectors_as_Admin": [
                          "Succeeded"
                        ]
                      },
                      "expression": {
                        "not": {
                          "equals": [
                            "@empty(outputs('Get_Custom_Connectors_as_Admin')?['body/value'])",
                            "@true"
                          ]
                        }
                      },
                      "metadata": {
                        "operationMetadataId": "2bddd055-5871-440e-9571-01a6121c572a"
                      },
                      "type": "If"
                    },
                    "FilterOut-DefaultConnectors": {
                      "runAfter": {
                        "List_Connectors": [
                          "Succeeded"
                        ]
                      },
                      "metadata": {
                        "operationMetadataId": "6eb8821b-d77b-4717-bcd3-12f1afc6ac5c"
                      },
                      "type": "Query",
                      "inputs": {
                        "from": "@outputs('List_Connectors')?['body/value']",
                        "where": "@not(contains(body('Default-ConnectorIDs'), item()?['name']))"
                      }
                    },
                    "is_there_more_connectors_than_default_environment": {
                      "actions": {
                        "ConnectorItems": {
                          "runAfter": {},
                          "metadata": {
                            "operationMetadataId": "407feee9-e14f-491f-b98e-8451c49aff96"
                          },
                          "type": "Select",
                          "inputs": {
                            "from": "@body('FilterOut-DefaultConnectors')",
                            "select": {
                              "Title": "@item()?['properties']?['displayName']",
                              "IconUri": "@item()?['properties']?['iconUri']",
                              "IconBrandColor": "@item()?['properties']?['iconBrandColor']",
                              "Tier": "@item()['properties']['tier']",
                              "Publisher": "@item()['properties']['publisher']",
                              "ConnectorID": "@item()?['Name']",
                              "ReleaseTag": "@item()?['properties']?['releaseTag']",
                              "CustomAPI": "@item()?['properties/isCustomApi']",
                              "Description": "@coalesce(item()?['properties']?['description'], '')"
                            }
                          },
                          "description": "replace(item()['properties']['description'], '\\','\\\\')"
                        },
                        "Append_to_array_variable_-_vConnectorsTemp": {
                          "runAfter": {
                            "ConnectorItems": [
                              "Succeeded"
                            ]
                          },
                          "metadata": {
                            "operationMetadataId": "162629ad-5419-4207-bfe4-f6ae6976020f"
                          },
                          "type": "AppendToArrayVariable",
                          "inputs": {
                            "name": "vConnectorsTemp",
                            "value": "@body('ConnectorItems')"
                          }
                        }
                      },
                      "runAfter": {
                        "FilterOut-DefaultConnectors": [
                          "Succeeded"
                        ]
                      },
                      "expression": {
                        "not": {
                          "equals": [
                            "@empty(body('FilterOut-DefaultConnectors'))",
                            "@true"
                          ]
                        }
                      },
                      "metadata": {
                        "operationMetadataId": "82f07dc8-67d5-43b6-91cf-e1e81314bcb5"
                      },
                      "type": "If"
                    }
                  },
                  "runAfter": {
                    "Get_Environments": [
                      "Succeeded"
                    ]
                  },
                  "metadata": {
                    "operationMetadataId": "eb1143bd-3806-4c1f-aa73-491ae52c06e6"
                  },
                  "type": "Foreach",
                  "runtimeConfiguration": {
                    "concurrency": {
                      "repetitions": 20
                    }
                  }
                },
                "CustomConnectors-NestedArray": {
                  "runAfter": {
                    "ForEachEnvironment": [
                      "Succeeded"
                    ]
                  },
                  "metadata": {
                    "operationMetadataId": "4d7bc5c1-dcf3-47ab-b952-2d30d6fabf38"
                  },
                  "type": "Select",
                  "inputs": {
                    "from": "@variables('vCustomConnectors')",
                    "select": "@json(item())"
                  }
                },
                "CustomConnectors-Initial": {
                  "runAfter": {
                    "CustomConnectors-NestedArray": [
                      "Succeeded"
                    ]
                  },
                  "metadata": {
                    "operationMetadataId": "d73d7378-c621-4064-ac42-87bddd142363"
                  },
                  "type": "Compose",
                  "inputs": "@json(replace(replace(string(body('CustomConnectors-NestedArray')), '[{\"n', '{\"n'), '\"}]', '\"}'))"
                },
                "CustomConnectors": {
                  "runAfter": {
                    "CustomConnectors-Initial": [
                      "Succeeded"
                    ]
                  },
                  "metadata": {
                    "operationMetadataId": "407feee9-e14f-491f-b98e-8451c49aff96"
                  },
                  "type": "Select",
                  "inputs": {
                    "from": "@outputs('CustomConnectors-Initial')",
                    "select": {
                      "Title": "@item()?['properties/displayName']",
                      "IconUri": "@item()?['properties/iconUri']",
                      "IconBrandColor": "@item()?['properties/iconBrandColor']",
                      "Tier": "@item()?['properties/tier']",
                      "Publisher": "@item()?['properties/publisher']",
                      "ConnectorID": "@item()?['name']",
                      "ReleaseTag": "@item()?['properties']?['releaseTag']",
                      "Description": "@item()?['properties/description']",
                      "CustomAPI": "@item()?['properties/isCustomApi']"
                    }
                  },
                  "description": "replace(item()['properties']['description'], '\\','\\\\')"
                },
                "Connectors-NestedArray": {
                  "runAfter": {
                    "CustomConnectors": [
                      "Succeeded"
                    ]
                  },
                  "metadata": {
                    "operationMetadataId": "4d7bc5c1-dcf3-47ab-b952-2d30d6fabf38"
                  },
                  "type": "Select",
                  "inputs": {
                    "from": "@variables('vConnectorsTemp')",
                    "select": "@json(item())"
                  }
                },
                "Connectors": {
                  "runAfter": {
                    "Connectors-NestedArray": [
                      "Succeeded"
                    ]
                  },
                  "metadata": {
                    "operationMetadataId": "bd876113-2b4f-4b6b-93ef-6fb10783a700"
                  },
                  "type": "Compose",
                  "inputs": "@json(replace(replace(string(body('Connectors-NestedArray')), '[{\"T', '{\"T'), '\"}]', '\"}'))"
                }
              },
              "runAfter": {
                "Default-ConnectorIDs": [
                  "Succeeded"
                ]
              },
              "metadata": {
                "operationMetadataId": "cf31a8ca-72bc-4516-b334-d9405a81e23d"
              },
              "type": "Scope"
            },
            "Default-ConnectorIDs": {
              "runAfter": {
                "Connectors-Default-All": [
                  "Succeeded"
                ]
              },
              "metadata": {
                "operationMetadataId": "1edc5ff1-9c41-4532-807e-e40fce022596"
              },
              "type": "Select",
              "inputs": {
                "from": "@outputs('Connectors-Default-All')",
                "select": "@item()?['ConnectorID']"
              }
            },
            "Ready2Add-Connectors": {
              "runAfter": {
                "Find_Connectors_from_other_environments": [
                  "Succeeded"
                ]
              },
              "metadata": {
                "operationMetadataId": "3c4aa0f6-43c7-4f37-bb78-768fe28caee6"
              },
              "type": "Compose",
              "inputs": "@union(outputs('Connectors'), body('CustomConnectors'),outputs('Connectors-Default-All'))"
            },
            "Connector-Count": {
              "runAfter": {
                "Ready2Add-Connectors": [
                  "Succeeded"
                ]
              },
              "metadata": {
                "operationMetadataId": "2dfabb6d-2478-46ab-91bd-d7b81b7214b0"
              },
              "type": "Compose",
              "inputs": "@length(outputs('Ready2Add-Connectors'))"
            }
          },
          "runAfter": {
            "Initialize_variable_-_vCustomConnectors": [
              "Succeeded"
            ]
          },
          "metadata": {
            "operationMetadataId": "44fa6081-6f5c-44f2-8c61-98fc6c6250a3"
          },
          "type": "Scope"
        },
        "1-Create_items": {
          "actions": {
            "Template-AddItems": {
              "runAfter": {},
              "metadata": {
                "operationMetadataId": "bdb7ca27-dce2-4a80-a165-a47892725915"
              },
              "type": "Compose",
              "inputs": "\n--changeset_@{body('const')?['ChangeSetID']}\nContent-Type: application/http\nContent-Transfer-Encoding: binary\n\nPOST @{body('const')?['SiteURL']}/_api/web/lists(guid'@{body('const')?['DataConnectorsListID']}')/AddValidateUpdateItem HTTP/1.1\nContent-Type: application/json;odata=nometadata\nAccept: application/json;odata=nometadata\n\n{\n  \"formValues\": [\n    {\n      \"FieldName\": \"Title\",\n      \"FieldValue\": \"{{Title}}\"\n    },\n    {\n      \"FieldName\": \"ConnectorID\",\n      \"FieldValue\": \"{{ConnectorID}}\"\n    },\n    {\n      \"FieldName\": \"Tier\",\n      \"FieldValue\": \"{{Tier}}\"\n    },\n    {\n      \"FieldName\": \"Publisher\",\n      \"FieldValue\": \"{{Publisher}}\"\n    },\n    {\n      \"FieldName\": \"ReleaseTag\",\n      \"FieldValue\": \"{{ReleaseTag}}\"\n    },\n    {\n      \"FieldName\": \"IconBrandColor\",\n      \"FieldValue\": \"{{IconBrandColor}}\"\n    },\n    {\n      \"FieldName\": \"IconUri\",\n      \"FieldValue\": \"{{IconUri}}\"\n    },\n    {\n      \"FieldName\": \"CustomAPI\",\n      \"FieldValue\": \"{{CustomAPI}}\"\n    },\n    {\n      \"FieldName\": \"Description\",\n      \"FieldValue\": \"{{Description}}\"\n    }\n  ],\n  \"bNewDocumentUpdate\": false\n}\n"
            },
            "Replace-AddItems": {
              "runAfter": {
                "Template-AddItems": [
                  "Succeeded"
                ]
              },
              "metadata": {
                "operationMetadataId": "6ec7d680-d90c-4ec8-9f30-efbd25200635"
              },
              "type": "Select",
              "inputs": {
                "from": "@outputs('Ready2Add-Connectors')",
                "select": "@replace(replace(replace(replace(replace(replace(replace(replace(replace(replace(outputs('Template-AddItems'),\r\n'{{ID}}', string(item()?['ID'])),\r\n'{{Title}}', string(item()?['Title'])),\r\n'{{ConnectorID}}', string(item()?['ConnectorID'])),\r\n'{{Tier}}', string(item()?['Tier'])),\r\n'{{Publisher}}', string(item()?['Publisher'])),\r\n'{{ReleaseTag}}', string(item()?['ReleaseTag'])),\r\n'{{IconBrandColor}}', string(item()?['IconBrandColor'])),\r\n'{{IconUri}}', string(item()?['IconUri'])),\r\n'{{CustomAPI}}', string(item()?['CustomAPI'])),\r\n'{{Description}}', replace(replace(replace(string(item()?['Description']),'\\n',''),'\\',''),'\"','\\\"'))"
              }
            },
            "Replace-Chunk100": {
              "runAfter": {
                "Replace-AddItems": [
                  "Succeeded"
                ]
              },
              "metadata": {
                "operationMetadataId": "9486e942-5dce-44fa-a8b1-532d7e1d0356"
              },
              "type": "Compose",
              "inputs": "@chunk(body('Replace-AddItems'), 100)"
            },
            "ForEachChunk": {
              "foreach": "@skip(outputs('Replace-Chunk100'),1)",
              "actions": {
                "Batch-Create": {
                  "runAfter": {},
                  "metadata": {
                    "operationMetadataId": "336af0f7-6c32-4f54-a655-1a3a7d92b16b"
                  },
                  "type": "OpenApiConnection",
                  "inputs": {
                    "host": {
                      "connectionName": "shared_sharepointonline_2",
                      "operationId": "HttpRequest",
                      "apiId": "/providers/Microsoft.PowerApps/apis/shared_sharepointonline"
                    },
                    "parameters": {
                      "dataset": "@body('const')?['SiteURL']",
                      "parameters/method": "POST",
                      "parameters/uri": "_api/$batch",
                      "parameters/headers": {
                        "Content-Type": "multipart/mixed; boundary=batch_@{body('const')?['BatchID']}"
                      },
                      "parameters/body": "--batch_@{body('const')?['BatchID']}\nContent-Type: multipart/mixed; boundary=changeset_@{body('const')?['ChangeSetID']}\n\n@{join(items('ForEachChunk'),'')}\n--changeset_@{body('const')?['ChangeSetID']}--\n--batch_@{body('const')?['BatchID']}--"
                    },
                    "authentication": {
                      "type": "Raw",
                      "value": "@json(decodeBase64(triggerOutputs().headers['X-MS-APIM-Tokens']))['$ConnectionKey']"
                    }
                  }
                }
              },
              "runAfter": {
                "Replace-Chunk100": [
                  "Succeeded"
                ]
              },
              "metadata": {
                "operationMetadataId": "d0306bfa-d709-447d-870d-7412f6005ebe"
              },
              "type": "Foreach"
            },
            "Terminate": {
              "runAfter": {
                "ForEachChunk": [
                  "Succeeded"
                ]
              },
              "metadata": {
                "operationMetadataId": "f8030368-6fa9-4d28-9cdb-ba0af17707d2"
              },
              "type": "Terminate",
              "inputs": {
                "runStatus": "Succeeded"
              }
            }
          },
          "runAfter": {
            "0-Get-Connector-Details": [
              "Succeeded"
            ]
          },
          "metadata": {
            "operationMetadataId": "79ae65bc-c67a-4025-bf66-ac2ac91900f7"
          },
          "type": "Scope"
        }
      }
    },
    "templateName": ""
  },
  "schemaVersion": "1.0.0.0"
}