{
  "properties": {
    "connectionReferences": {
      "shared_sharepointonline_2": {
        "runtimeSource": "invoker",
        "connection": {
          "connectionReferenceLogicalName": "isa_GetDataConnectorsSharePoint"
        },
        "api": {
          "name": "shared_sharepointonline"
        }
      },
      "shared_flowmanagement_1": {
        "runtimeSource": "invoker",
        "connection": {
          "connectionReferenceLogicalName": "isa_GetDataConnectorsPowerAutomateManagement"
        },
        "api": {
          "name": "shared_flowmanagement"
        }
      },
      "shared_powerappsforappmakers_1": {
        "runtimeSource": "invoker",
        "connection": {
          "connectionReferenceLogicalName": "isa_GetDataConnectorsPowerAppsforMakers"
        },
        "api": {
          "name": "shared_powerappsforappmakers"
        }
      }
    },
    "definition": {
      "$schema": "https://schema.management.azure.com/providers/Microsoft.Logic/schemas/2016-06-01/workflowdefinition.json#",
      "contentVersion": "1.0.0.0",
      "parameters": {
        "$connections": {
          "defaultValue": {},
          "type": "Object"
        },
        "$authentication": {
          "defaultValue": {},
          "type": "SecureObject"
        },
        "Get Data Connectors - Site (isa_GetDataConnectorsSite)": {
          "defaultValue": "https://designcodev.sharepoint.com/sites/Demos",
          "type": "String",
          "metadata": {
            "schemaName": "isa_GetDataConnectorsSite",
            "description": "The site collection of the data connectors list."
          }
        },
        "Get Data Connectors -  Connectors List (isa_GetDataConnectorsConnectorsList)": {
          "defaultValue": "84672eca-099f-4661-8026-596ac4159d05",
          "type": "String",
          "metadata": {
            "schemaName": "isa_GetDataConnectorsConnectorsList",
            "description": "Data Connectors List"
          }
        },
        "Get Data Connectors -  Send Error Email To (isa_GetDataConnectorsSendErrorEmailTo)": {
          "defaultValue": "isabel.liu@quisitive.com",
          "type": "String",
          "metadata": {
            "schemaName": "isa_GetDataConnectorsSendErrorEmailTo",
            "description": "When a flow error out, it will send an email to these users."
          }
        },
        "Get Data Connectors - Flows List (isa_GetDataConnectorsFlowsList)": {
          "defaultValue": "f343e16d-106a-4ed2-a499-6951ff9bfe1e",
          "type": "String",
          "metadata": {
            "schemaName": "isa_GetDataConnectorsFlowsList"
          }
        }
      },
      "triggers": {
        "manual": {
          "metadata": {
            "operationMetadataId": "d9436ea1-6b47-4a3f-880c-77ad1f90e4e1"
          },
          "type": "Request",
          "kind": "Button",
          "inputs": {
            "schema": {
              "type": "object",
              "properties": {},
              "required": []
            }
          }
        }
      },
      "actions": {
        "Flows-NestedArray": {
          "runAfter": {
            "0-Get_Flows": [
              "Succeeded"
            ]
          },
          "metadata": {
            "operationMetadataId": "7cdd73c3-731a-487c-ad7e-28a411a97c19"
          },
          "type": "Compose",
          "inputs": "@body('Flows')"
        },
        "Flows-Flattened": {
          "runAfter": {
            "Flows-NestedArray": [
              "Succeeded"
            ]
          },
          "metadata": {
            "operationMetadataId": "e4e24b64-287f-4e9c-9188-57db625ecc1c"
          },
          "type": "Compose",
          "inputs": "@json(replace(replace(string(outputs('Flows-NestedArray')), '[{\"F', '{\"F'), '\"}]', '\"}'))"
        },
        "3-Create_items": {
          "actions": {
            "Template-AddItems": {
              "runAfter": {},
              "metadata": {
                "operationMetadataId": "bdb7ca27-dce2-4a80-a165-a47892725915"
              },
              "type": "Compose",
              "inputs": "\n--changeset_@{body('const')?['ChangeSetID']}\nContent-Type: application/http\nContent-Transfer-Encoding: binary\n\nPOST @{body('const')?['SiteURL']}/_api/web/lists(guid'@{body('const')?['FlowListID']}')/AddValidateUpdateItem HTTP/1.1\nContent-Type: application/json;odata=nometadata\nAccept: application/json;odata=nometadata\n\n{\n  \"formValues\": [\n    {\n      \"FieldName\": \"Title\",\n      \"FieldValue\": \"{{Title}}\"\n    },\n    {\n      \"FieldName\": \"FlowID\",\n      \"FieldValue\": \"{{FlowID}}\"\n    },\n    {\n      \"FieldName\": \"State\",\n      \"FieldValue\": \"{{State}}\"\n    },\n    {\n      \"FieldName\": \"EnvironmentID\",\n      \"FieldValue\": \"{{EnvironmentID}}\"\n    },\n    {\n      \"FieldName\": \"EnvironmentName\",\n      \"FieldValue\": \"{{EnvironmentName}}\"\n    },\n    {\n      \"FieldName\": \"CreatorObjID\",\n      \"FieldValue\": \"{{CreatorObjID}}\"\n    },\n    {\n      \"FieldName\": \"CreatedDate\",\n      \"FieldValue\": \"{{CreatedDate}}\"\n    },\n    {\n      \"FieldName\": \"LastModifiedDate\",\n      \"FieldValue\": \"{{LastModifiedDate}}\"\n    },\n    {\n      \"FieldName\": \"Connectors\",\n      \"FieldValue\": \"{{Connectors}}\"\n    }\n  ],\n  \"bNewDocumentUpdate\": false\n}\n"
            },
            "Replace-AddItems": {
              "runAfter": {
                "Template-AddItems": [
                  "Succeeded"
                ]
              },
              "metadata": {
                "operationMetadataId": "6ec7d680-d90c-4ec8-9f30-efbd25200635"
              },
              "type": "Select",
              "inputs": {
                "from": "@variables('vFlows')",
                "select": "@replace(replace(replace(replace(replace(replace(replace(replace(replace(outputs('Template-AddItems'),\r\n'{{Title}}',string(item()?['Title'])),\r\n'{{FlowID}}',string(item()?['FlowID'])),\r\n'{{State}}',string(item()?['State'])),\r\n'{{EnvironmentID}}',string(item()?['EnvironmentName'])),\r\n'{{EnvironmentName}}',string(item()?['EnvironmentID'])),\r\n'{{CreatorObjID}}',string(item()?['CreatorObjID'])),\r\n'{{CreatedDate}}',string(item()?['CreatedDate'])),\r\n'{{LastModifiedDate}}',string(item()?['LastModifiedDate'])),\r\n'{{Connectors}}',string(item()?['Connectors']))"
              }
            },
            "Replace-Chunk100": {
              "runAfter": {
                "Replace-AddItems": [
                  "Succeeded"
                ]
              },
              "metadata": {
                "operationMetadataId": "9486e942-5dce-44fa-a8b1-532d7e1d0356"
              },
              "type": "Compose",
              "inputs": "@chunk(body('Replace-AddItems'), 100)"
            },
            "ForEachChunk": {
              "foreach": "@outputs('Replace-Chunk100')",
              "actions": {
                "Batch-Create": {
                  "runAfter": {},
                  "metadata": {
                    "operationMetadataId": "336af0f7-6c32-4f54-a655-1a3a7d92b16b"
                  },
                  "type": "OpenApiConnection",
                  "inputs": {
                    "host": {
                      "connectionName": "shared_sharepointonline_2",
                      "operationId": "HttpRequest",
                      "apiId": "/providers/Microsoft.PowerApps/apis/shared_sharepointonline"
                    },
                    "parameters": {
                      "dataset": "@body('const')?['SiteURL']",
                      "parameters/method": "POST",
                      "parameters/uri": "_api/$batch",
                      "parameters/headers": {
                        "Content-Type": "multipart/mixed; boundary=batch_@{body('const')?['BatchID']}"
                      },
                      "parameters/body": "--batch_@{body('const')?['BatchID']}\nContent-Type: multipart/mixed; boundary=changeset_@{body('const')?['ChangeSetID']}\n\n@{join(items('ForEachChunk'),'')}\n--changeset_@{body('const')?['ChangeSetID']}--\n--batch_@{body('const')?['BatchID']}--"
                    },
                    "authentication": {
                      "type": "Raw",
                      "value": "@json(decodeBase64(triggerOutputs().headers['X-MS-APIM-Tokens']))['$ConnectionKey']"
                    }
                  }
                }
              },
              "runAfter": {
                "Replace-Chunk100": [
                  "Succeeded"
                ]
              },
              "metadata": {
                "operationMetadataId": "d0306bfa-d709-447d-870d-7412f6005ebe"
              },
              "type": "Foreach"
            }
          },
          "runAfter": {
            "2-Get_Connectors_from_Flow": [
              "Succeeded"
            ]
          },
          "metadata": {
            "operationMetadataId": "79ae65bc-c67a-4025-bf66-ac2ac91900f7"
          },
          "type": "Scope"
        },
        "const": {
          "runAfter": {
            "Initialize_variable_-_vFailedFlows": [
              "Succeeded"
            ]
          },
          "metadata": {
            "operationMetadataId": "fcabf536-bb85-45b4-a47e-4b8277425b8b"
          },
          "type": "ParseJson",
          "inputs": {
            "content": {
              "ConnectorLUTemplate": "ID;#Title",
              "SiteURL": "@{parameters('Get Data Connectors - Site (isa_GetDataConnectorsSite)')}",
              "FlowListID": "@{parameters('Get Data Connectors - Flows List (isa_GetDataConnectorsFlowsList)')}",
              "DataConnectorsListID": "@{parameters('Get Data Connectors -  Connectors List (isa_GetDataConnectorsConnectorsList)')}",
              "SendErrEmailTo": "@{parameters('Get Data Connectors -  Send Error Email To (isa_GetDataConnectorsSendErrorEmailTo)')}",
              "ErrEmailSubject": "Error Detected - @{workflow()?['tags/flowDisplayName']} @{convertFromUtc(utcNow(), 'Central Standard Time', 'g')}",
              "FlowRunLink": "<a href='@{concat('https://make.powerautomate.com/environments/', workflow().tags.environmentName, '/flows/', workflow().name, '/runs/', workflow().run.name)}'>Open flow run</a>",
              "ChangeSetID": "@{guid()}",
              "BatchID": "@{guid()}"
            },
            "schema": {
              "type": "object",
              "properties": {
                "ConnectorLUTemplate": {
                  "type": "string"
                },
                "SiteURL": {
                  "type": "string"
                },
                "FlowListID": {
                  "type": "string"
                },
                "DataConnectorsListID": {
                  "type": "string"
                },
                "SendErrEmailTo": {
                  "type": "string"
                },
                "ErrEmailSubject": {
                  "type": "string"
                },
                "FlowRunLink": {
                  "type": "string"
                },
                "ChangeSetID": {
                  "type": "string"
                },
                "BatchID": {
                  "type": "string"
                }
              }
            }
          }
        },
        "1-Get_Data_Connectors_library_items": {
          "actions": {
            "Connector-Items": {
              "runAfter": {
                "Get_items_-_ConnectorsList": [
                  "Succeeded"
                ]
              },
              "metadata": {
                "operationMetadataId": "5c6d91ff-4e4c-4c33-83f4-73bb25857223"
              },
              "type": "Select",
              "inputs": {
                "from": "@outputs('Get_items_-_ConnectorsList')?['body/value']",
                "select": {
                  "ConnectorID": "@item()?['ConnectorID']",
                  "ID": "@item()?['ID']",
                  "Title": "@item()?['Title']"
                }
              }
            },
            "ConnectorIDs": {
              "runAfter": {
                "Connector-Items": [
                  "Succeeded"
                ]
              },
              "metadata": {
                "operationMetadataId": "7f64c1cc-3f48-496d-a8a4-727736e05cb2"
              },
              "type": "Select",
              "inputs": {
                "from": "@body('Connector-Items')",
                "select": "@item()?['ConnectorID']"
              }
            },
            "Get_items_-_ConnectorsList": {
              "runAfter": {},
              "metadata": {
                "operationMetadataId": "b00fc423-5512-4d7a-b6e9-8998e424a727"
              },
              "type": "OpenApiConnection",
              "inputs": {
                "host": {
                  "connectionName": "shared_sharepointonline_2",
                  "operationId": "GetItems",
                  "apiId": "/providers/Microsoft.PowerApps/apis/shared_sharepointonline"
                },
                "parameters": {
                  "dataset": "@body('const')?['SiteURL']",
                  "table": "@body('const')?['DataConnectorsListID']",
                  "$top": 5000
                },
                "authentication": {
                  "type": "Raw",
                  "value": "@json(decodeBase64(triggerOutputs().headers['X-MS-APIM-Tokens']))['$ConnectionKey']"
                }
              },
              "runtimeConfiguration": {
                "paginationPolicy": {
                  "minimumItemCount": 5000
                }
              }
            }
          },
          "runAfter": {
            "Flows-Flattened": [
              "Succeeded"
            ]
          },
          "metadata": {
            "operationMetadataId": "d27fa6f0-e467-4007-81ef-ae9cf3326985"
          },
          "type": "Scope"
        },
        "2-Get_Connectors_from_Flow": {
          "actions": {
            "ForEachFlow": {
              "foreach": "@outputs('Flows-Flattened')",
              "actions": {
                "Get_Flow_as_Admin": {
                  "runAfter": {},
                  "metadata": {
                    "operationMetadataId": "cf86ef5e-844a-482b-96c6-07bb37086f7f"
                  },
                  "type": "OpenApiConnection",
                  "inputs": {
                    "host": {
                      "connectionName": "shared_flowmanagement_1",
                      "operationId": "AdminGetFlow",
                      "apiId": "/providers/Microsoft.PowerApps/apis/shared_flowmanagement"
                    },
                    "parameters": {
                      "environmentName": "@items('ForEachFlow')?['EnvironmentID']",
                      "flowName": "@items('ForEachFlow')?['FlowID']",
                      "includeFlowDefinition": true
                    },
                    "authentication": {
                      "type": "Raw",
                      "value": "@json(decodeBase64(triggerOutputs().headers['X-MS-APIM-Tokens']))['$ConnectionKey']"
                    }
                  }
                },
                "Select_type": {
                  "runAfter": {
                    "Append_to_array_variable_-_vFailedFlows": [
                      "Skipped"
                    ]
                  },
                  "metadata": {
                    "operationMetadataId": "fe4a6a63-c900-412e-ab56-ec7a6ac89c4f"
                  },
                  "type": "Select",
                  "inputs": {
                    "from": "@coalesce(outputs('Get_Flow_as_Admin')?['body/properties/definitionSummary/actions'], '')",
                    "select": "@item()?['type']"
                  }
                },
                "Select_triggers": {
                  "runAfter": {
                    "Select_type": [
                      "Succeeded"
                    ]
                  },
                  "metadata": {
                    "operationMetadataId": "7a129d07-7d97-4ffa-ac83-2e49b1bc32d8"
                  },
                  "type": "Select",
                  "inputs": {
                    "from": "@coalesce(outputs('Get_Flow_as_Admin')?['body/properties/definitionSummary/triggers'], '')",
                    "select": "@item()?['kind']"
                  }
                },
                "add_HTTP": {
                  "runAfter": {
                    "Select_triggers": [
                      "Succeeded"
                    ]
                  },
                  "metadata": {
                    "operationMetadataId": "56c398a7-bb69-414c-b192-d1fa9a946eae"
                  },
                  "type": "Compose",
                  "inputs": "@if(contains(body('Select_type'), 'Http'), ',Http', '')"
                },
                "add_HTTP_Webhook": {
                  "runAfter": {
                    "add_HTTP": [
                      "Succeeded"
                    ]
                  },
                  "metadata": {
                    "operationMetadataId": "39421be2-1c60-4e91-aadd-bdfb8807fb6b"
                  },
                  "type": "Compose",
                  "inputs": "@if(contains(body('Select_type'), 'HttpWebhook'), ',HttpWebhook', '')"
                },
                "add_HTTP_Request": {
                  "runAfter": {
                    "add_HTTP_Webhook": [
                      "Succeeded"
                    ]
                  },
                  "metadata": {
                    "operationMetadataId": "7b07f2a2-f0cb-4dd9-9405-676f3479cdec"
                  },
                  "type": "Compose",
                  "inputs": "@if(contains(body('Select_triggers'), 'Http'), ',HttpRequest', '')"
                },
                "check_if_connection_reference_exist": {
                  "actions": {
                    "Parse_Connection_JSON": {
                      "runAfter": {},
                      "metadata": {
                        "operationMetadataId": "9a887e7e-0e27-4aad-8863-db267ee8cf66"
                      },
                      "type": "ParseJson",
                      "inputs": {
                        "content": "@outputs('Get_Flow_as_Admin')?['body/properties/connectionReferences']",
                        "schema": {
                          "items": {
                            "properties": {
                              "apiDefinition": {
                                "properties": {
                                  "id": {
                                    "type": "string"
                                  },
                                  "name": {
                                    "type": "string"
                                  },
                                  "properties": {
                                    "properties": {
                                      "capabilities": {
                                        "items": {
                                          "type": "string"
                                        },
                                        "type": "array"
                                      },
                                      "changedTime": {
                                        "type": "string"
                                      },
                                      "connectionParameters": {
                                        "properties": {
                                          "token": {
                                            "properties": {
                                              "oAuthSettings": {
                                                "properties": {
                                                  "clientId": {
                                                    "type": "string"
                                                  },
                                                  "customParameters": {
                                                    "properties": {
                                                      "loginUri": {
                                                        "properties": {
                                                          "value": {
                                                            "type": "string"
                                                          }
                                                        },
                                                        "type": "object"
                                                      },
                                                      "loginUriAAD": {
                                                        "properties": {
                                                          "value": {
                                                            "type": "string"
                                                          }
                                                        },
                                                        "type": "object"
                                                      },
                                                      "resourceUri": {
                                                        "properties": {
                                                          "value": {
                                                            "type": "string"
                                                          }
                                                        },
                                                        "type": "object"
                                                      }
                                                    },
                                                    "type": "object"
                                                  },
                                                  "identityProvider": {
                                                    "type": "string"
                                                  },
                                                  "properties": {
                                                    "properties": {
                                                      "AzureActiveDirectoryResourceId": {
                                                        "type": "string"
                                                      },
                                                      "IsFirstParty": {
                                                        "type": "string"
                                                      }
                                                    },
                                                    "type": "object"
                                                  },
                                                  "redirectMode": {
                                                    "type": "string"
                                                  },
                                                  "redirectUrl": {
                                                    "type": "string"
                                                  },
                                                  "scopes": {
                                                    "type": "array"
                                                  }
                                                },
                                                "type": "object"
                                              },
                                              "type": {
                                                "type": "string"
                                              }
                                            },
                                            "type": "object"
                                          }
                                        },
                                        "type": "object"
                                      },
                                      "createdTime": {
                                        "type": "string"
                                      },
                                      "description": {
                                        "type": "string"
                                      },
                                      "displayName": {
                                        "type": "string"
                                      },
                                      "iconUri": {
                                        "type": "string"
                                      },
                                      "isCustomApi": {
                                        "type": "boolean"
                                      },
                                      "metadata": {
                                        "properties": {
                                          "brandColor": {
                                            "type": "string"
                                          },
                                          "source": {
                                            "type": "string"
                                          },
                                          "version": {
                                            "properties": {
                                              "current": {
                                                "type": "string"
                                              },
                                              "previous": {
                                                "type": "string"
                                              }
                                            },
                                            "type": "object"
                                          }
                                        },
                                        "type": "object"
                                      },
                                      "primaryRuntimeUrl": {
                                        "type": "string"
                                      },
                                      "purpose": {
                                        "type": "string"
                                      },
                                      "runtimeUrls": {
                                        "items": {
                                          "type": "string"
                                        },
                                        "type": "array"
                                      },
                                      "scopes": {
                                        "properties": {
                                          "will": {
                                            "type": "array"
                                          },
                                          "wont": {
                                            "type": "array"
                                          }
                                        },
                                        "type": "object"
                                      },
                                      "tier": {
                                        "type": "string"
                                      }
                                    },
                                    "type": "object"
                                  },
                                  "type": {
                                    "type": "string"
                                  }
                                },
                                "type": "object"
                              },
                              "connectionName": {
                                "type": "string"
                              },
                              "displayName": {
                                "type": "string"
                              },
                              "id": {
                                "type": "string"
                              }
                            },
                            "required": [
                              "id"
                            ],
                            "type": "object"
                          },
                          "type": "array"
                        }
                      }
                    },
                    "Select_Connector_Display_Name": {
                      "runAfter": {
                        "Parse_Connection_JSON": [
                          "Succeeded"
                        ]
                      },
                      "metadata": {
                        "operationMetadataId": "e91c1cf9-856a-4676-a11b-a84d45f935d5"
                      },
                      "type": "Select",
                      "inputs": {
                        "from": "@body('Parse_Connection_JSON')",
                        "select": "@split(item()['id'], '/')[sub(length(split(item()['id'], '/')), 1)]"
                      }
                    },
                    "Joined_Connectors_String": {
                      "runAfter": {
                        "Select_Connector_Display_Name": [
                          "Succeeded"
                        ]
                      },
                      "metadata": {
                        "operationMetadataId": "ffc1507b-83d4-4202-86a8-598bec15cbf5"
                      },
                      "type": "Compose",
                      "inputs": "@join(union(body('Select_Connector_Display_Name'), body('Select_Connector_Display_Name')), ',')"
                    }
                  },
                  "runAfter": {
                    "add_HTTP_Request": [
                      "Succeeded"
                    ]
                  },
                  "expression": {
                    "not": {
                      "equals": [
                        "@outputs('Get_Flow_as_Admin')?['body/properties/connectionReferences']",
                        "@null"
                      ]
                    }
                  },
                  "metadata": {
                    "operationMetadataId": "2856e571-8957-4143-864f-3dea6c42f9c2"
                  },
                  "type": "If"
                },
                "Compose_edit_comma_separated_connector_list": {
                  "runAfter": {
                    "check_if_connection_reference_exist": [
                      "Succeeded"
                    ]
                  },
                  "metadata": {
                    "operationMetadataId": "080b7d68-d39d-46a9-ae07-afc68b2e8572"
                  },
                  "type": "Compose",
                  "inputs": "@concat(coalesce(outputs('Joined_Connectors_String'), ''), outputs('add_HTTP_Webhook'), outputs('add_HTTP'), outputs('add_HTTP_Request'))"
                },
                "UsedConnectors-Array": {
                  "runAfter": {
                    "Compose_edit_comma_separated_connector_list": [
                      "Succeeded"
                    ]
                  },
                  "metadata": {
                    "operationMetadataId": "d801c48a-c839-4482-9d9b-3749178af7f2"
                  },
                  "type": "Compose",
                  "inputs": "@split(outputs('Compose_edit_comma_separated_connector_list'), ',')"
                },
                "UsedConnectors-Unique": {
                  "runAfter": {
                    "UsedConnectors-Array": [
                      "Succeeded"
                    ]
                  },
                  "metadata": {
                    "operationMetadataId": "24965da2-84cb-4091-9dc0-194b974a34e3"
                  },
                  "type": "Compose",
                  "inputs": "@union(outputs('UsedConnectors-Array'), outputs('UsedConnectors-Array'))"
                },
                "Filter-UsedConnectors": {
                  "runAfter": {
                    "UsedConnectors-Unique": [
                      "Succeeded"
                    ]
                  },
                  "metadata": {
                    "operationMetadataId": "72dec57f-62f3-44f8-a467-c29e91fd8145"
                  },
                  "type": "Query",
                  "inputs": {
                    "from": "@body('Connector-Items')",
                    "where": "@contains(outputs('UsedConnectors-Unique'), item()?['ConnectorID'])"
                  }
                },
                "Replace-LookUpColumnTemplate": {
                  "runAfter": {
                    "Filter-UsedConnectors": [
                      "Succeeded"
                    ]
                  },
                  "metadata": {
                    "operationMetadataId": "6bc2d838-5738-4307-b8e9-e6e078a51d82"
                  },
                  "type": "Select",
                  "inputs": {
                    "from": "@body('Filter-UsedConnectors')",
                    "select": "@replace(replace(body('const')?['ConnectorLUTemplate'],'ID',string(item()?['ID'])),'Title',string(item()?['Title']))"
                  }
                },
                "Append_to_array_variable_-_vFlows": {
                  "runAfter": {
                    "Replace-LookUpColumnTemplate": [
                      "Succeeded"
                    ]
                  },
                  "metadata": {
                    "operationMetadataId": "7d48b9a7-ca99-48fb-8d5f-e0423d6c813b"
                  },
                  "type": "AppendToArrayVariable",
                  "inputs": {
                    "name": "vFlows",
                    "value": "@addProperty(items('ForEachFlow'),'Connectors',if(empty(body('Replace-LookUpColumnTemplate')),'',join(body('Replace-LookUpColumnTemplate'),';#')))"
                  }
                },
                "Append_to_array_variable_-_vFailedFlows": {
                  "runAfter": {
                    "Get_Flow_as_Admin": [
                      "Failed",
                      "TimedOut"
                    ]
                  },
                  "metadata": {
                    "operationMetadataId": "a3e8b059-f79d-4e0c-b627-0a87f21811ab"
                  },
                  "type": "AppendToArrayVariable",
                  "inputs": {
                    "name": "vFailedFlows",
                    "value": "@items('ForEachFlow')"
                  }
                }
              },
              "runAfter": {},
              "metadata": {
                "operationMetadataId": "d2b75f54-d8b7-437f-933b-7e3d0e2aaef2"
              },
              "type": "Foreach",
              "runtimeConfiguration": {
                "concurrency": {
                  "repetitions": 20
                }
              }
            },
            "Compose": {
              "runAfter": {
                "ForEachFlow": [
                  "Succeeded"
                ]
              },
              "metadata": {
                "operationMetadataId": "d9fb3d49-7420-4c82-9452-aa48909ad40f"
              },
              "type": "Compose",
              "inputs": "@variables('vFlows')"
            }
          },
          "runAfter": {
            "1-Get_Data_Connectors_library_items": [
              "Succeeded"
            ]
          },
          "metadata": {
            "operationMetadataId": "97ef54da-bd17-492e-8a6b-483969811acc"
          },
          "type": "Scope"
        },
        "0-Get_Flows": {
          "actions": {
            "Get_Environments": {
              "runAfter": {},
              "metadata": {
                "operationMetadataId": "ee733f81-588b-4158-9b00-7d733b29dbec"
              },
              "type": "OpenApiConnection",
              "inputs": {
                "host": {
                  "connectionName": "shared_powerappsforappmakers_1",
                  "operationId": "Get-Environments",
                  "apiId": "/providers/Microsoft.PowerApps/apis/shared_powerappsforappmakers"
                },
                "parameters": {
                  "api-version": "2022-11-01",
                  "$top": 250
                },
                "authentication": {
                  "type": "Raw",
                  "value": "@json(decodeBase64(triggerOutputs().headers['X-MS-APIM-Tokens']))['$ConnectionKey']"
                }
              }
            },
            "ForEachEnvironment": {
              "foreach": "@body('FilterOut-DisabledEnvironments')",
              "actions": {
                "List_Flows_as_Admin_(V2)": {
                  "runAfter": {},
                  "metadata": {
                    "operationMetadataId": "b5e8cf39-6795-4509-abb4-cd5234a206f7"
                  },
                  "type": "OpenApiConnection",
                  "inputs": {
                    "host": {
                      "connectionName": "shared_flowmanagement_1",
                      "operationId": "ListFlowsInEnvironment_V2",
                      "apiId": "/providers/Microsoft.PowerApps/apis/shared_flowmanagement"
                    },
                    "parameters": {
                      "environmentName": "@items('ForEachEnvironment')?['ID']",
                      "$top": 250
                    },
                    "authentication": {
                      "type": "Raw",
                      "value": "@json(decodeBase64(triggerOutputs().headers['X-MS-APIM-Tokens']))['$ConnectionKey']"
                    }
                  }
                },
                "Flows": {
                  "runAfter": {
                    "List_Flows_as_Admin_(V2)": [
                      "Succeeded"
                    ]
                  },
                  "metadata": {
                    "operationMetadataId": "042aae46-f685-4f79-8438-444f06faa571"
                  },
                  "type": "Select",
                  "inputs": {
                    "from": "@outputs('List_Flows_as_Admin_(V2)')?['body/value']",
                    "select": {
                      "FlowID": "@item()?['name']",
                      "Title": "@item()?['properties/displayName']",
                      "State": "@item()?['properties/state']",
                      "EnvironmentID": "@item()?['properties/environment/name']",
                      "CreatorObjID": "@item()?['properties/creator/objectId']",
                      "CreatedDate": "@formatDateTime(item()?['properties/createdTime'],'MM-dd-yyyy')",
                      "LastModifiedDate": "@formatDateTime(item()?['properties/lastModifiedTime'],'MM-dd-yyyy')",
                      "EnvironmentName": "@items('ForEachEnvironment')?['Name']"
                    }
                  }
                }
              },
              "runAfter": {
                "FilterOut-DisabledEnvironments": [
                  "Succeeded"
                ]
              },
              "metadata": {
                "operationMetadataId": "9993f2ac-74d1-453a-96db-0acaae3bf6d0"
              },
              "type": "Foreach"
            },
            "Environments": {
              "runAfter": {
                "Get_Environments": [
                  "Succeeded"
                ]
              },
              "metadata": {
                "operationMetadataId": "8b257b9b-2871-47b7-951b-96f93aac32a6"
              },
              "type": "Select",
              "inputs": {
                "from": "@outputs('Get_Environments')?['body/value']",
                "select": {
                  "ID": "@item()?['name']",
                  "Name": "@item()?['properties/displayName']",
                  "Type": "@item()?['properties/environmentSku']",
                  "Status": "@item()?['properties/states/runtime/id']"
                }
              }
            },
            "FilterOut-DisabledEnvironments": {
              "runAfter": {
                "Environments": [
                  "Succeeded"
                ]
              },
              "metadata": {
                "operationMetadataId": "3441beec-984f-429f-bef4-0ea9724a7f2a"
              },
              "type": "Query",
              "inputs": {
                "from": "@body('Environments')",
                "where": "@not(equals(item()?['Status'], 'Disabled'))"
              }
            }
          },
          "runAfter": {
            "const": [
              "Succeeded"
            ]
          },
          "metadata": {
            "operationMetadataId": "edc93dba-fbdc-431f-8910-b648c6e2277b"
          },
          "type": "Scope"
        },
        "Initialize_variable_-_vFailedFlows": {
          "runAfter": {
            "Initialize_variable_-_vFlows": [
              "Succeeded"
            ]
          },
          "metadata": {
            "operationMetadataId": "1ea41ef9-d6ea-4d89-b8e7-837ea3bebdb2"
          },
          "type": "InitializeVariable",
          "inputs": {
            "variables": [
              {
                "name": "vFailedFlows",
                "type": "array"
              }
            ]
          },
          "description": "During the fetching flow process, if a flow was deleted, it will continue to fetch the rest of the workflows."
        },
        "Initialize_variable_-_vFlows": {
          "runAfter": {},
          "metadata": {
            "operationMetadataId": "e3b2767a-7ddd-4ff3-bf44-1e76a86624f6"
          },
          "type": "InitializeVariable",
          "inputs": {
            "variables": [
              {
                "name": "vFlows",
                "type": "array"
              }
            ]
          },
          "description": "Flows are ready to be added in SharePoint List"
        },
        "Is_there_failed_to_fetch_flows": {
          "actions": {
            "Failed_to_Fetch_Flows": {
              "runAfter": {},
              "metadata": {
                "operationMetadataId": "24f6f11a-1812-4428-b629-b74ade8bc744"
              },
              "type": "Compose",
              "inputs": "@variables('vFailedFlows')"
            },
            "Terminate": {
              "runAfter": {
                "Failed_to_Fetch_Flows": [
                  "Succeeded"
                ]
              },
              "metadata": {
                "operationMetadataId": "ce5a389a-6364-4df8-bf0a-1196e98207d3"
              },
              "type": "Terminate",
              "inputs": {
                "runStatus": "Failed"
              }
            }
          },
          "runAfter": {
            "3-Create_items": [
              "Succeeded"
            ]
          },
          "expression": {
            "not": {
              "equals": [
                "@empty(variables('vFailedFlows'))",
                "@true"
              ]
            }
          },
          "metadata": {
            "operationMetadataId": "eabb4c9a-3deb-4925-aa52-589ee71f4009"
          },
          "type": "If"
        }
      }
    },
    "templateName": ""
  },
  "schemaVersion": "1.0.0.0"
}