<environmentvariabledefinition schemaname="isa_GetDataConnectorsSite">
  <apiid>/providers/microsoft.powerapps/apis/shared_sharepointonline</apiid>
  <description default="The site collection of the data connectors list.">
    <label description="The site collection of the data connectors list." languagecode="1033" />
  </description>
  <displayname default="Get Data Connectors - Site">
    <label description="Get Data Connectors - Site" languagecode="1033" />
  </displayname>
  <introducedversion>1.0.0.0</introducedversion>
  <iscustomizable>1</iscustomizable>
  <isrequired>0</isrequired>
  <parameterkey>dataset</parameterkey>
  <secretstore>0</secretstore>
  <type>100000004</type>
</environmentvariabledefinition>